state,state_name,statefip,wrkyr,gini,branch_reform,ln_gini,D_branch
AK,Alaska,2,1976,0.43345648,1960,-0.8359638799580332,1
AK,Alaska,2,1977,0.42898539,1960,-0.8463324165780928,1
AK,Alaska,2,1978,0.44593519,1960,-0.8075816514225063,1
AK,Alaska,2,1979,0.43151125,1960,-0.8404616969561087,1
AK,Alaska,2,1980,0.44754153,1960,-0.8039859411040216,1
AK,Alaska,2,1981,0.44825906,1960,-0.8023839547658492,1
AK,Alaska,2,1982,0.45157883,1960,-0.7950053255733632,1
AK,Alaska,2,1983,0.45319661,1960,-0.7914292299974802,1
AK,Alaska,2,1984,0.4381566,1960,-0.8251788982592537,1
AK,Alaska,2,1985,0.43426695,1960,-0.8340958418074846,1
AK,Alaska,2,1986,0.4566679,1960,-0.7837988481017961,1
AK,Alaska,2,1987,0.43329054,1960,-0.8363467829232546,1
AK,Alaska,2,1988,0.452196,1960,-0.7936395648209111,1
AK,Alaska,2,1989,0.4573223,1960,-0.782366885019869,1
AK,Alaska,2,1990,0.43806943,1960,-0.8253778651862865,1
AK,Alaska,2,1991,0.42138651,1960,-0.8642047904642739,1
AK,Alaska,2,1992,0.41129416,1960,-0.8884466027281587,1
AK,Alaska,2,1993,0.42935866,1960,-0.8454626720426,1
AK,Alaska,2,1994,0.42583281,1960,-0.8537084745359604,1
AK,Alaska,2,1995,0.43697393,1960,-0.8278817424166537,1
AK,Alaska,2,1996,0.41586962,1960,-0.8773834813066755,1
AK,Alaska,2,1997,0.46735197,1960,-0.7606726221061968,1
AK,Alaska,2,1998,0.42382333,1960,-0.858438585111434,1
AK,Alaska,2,1999,0.41683874,1960,-0.875055846605018,1
AK,Alaska,2,2000,0.43160063,1960,-0.8402545859143294,1
AK,Alaska,2,2001,0.40169021,1960,-0.9120741093353473,1
AK,Alaska,2,2002,0.41659722,1960,-0.8756354232452213,1
AK,Alaska,2,2003,0.42504796,1960,-0.855553269365647,1
AK,Alaska,2,2004,0.41629177,1960,-0.8763688943736938,1
AK,Alaska,2,2005,0.4326641,1960,-0.8377936026071968,1
AK,Alaska,2,2006,0.43623534,1960,-0.829573410614674,1
AL,Alabama,1,1976,0.42683125,1981,-0.8513665429284746,0
AL,Alabama,1,1977,0.42014661,1981,-0.8671515571874083,0
AL,Alabama,1,1978,0.44541806,1981,-0.8087419771587282,0
AL,Alabama,1,1979,0.46307978,1981,-0.769855928724622,0
AL,Alabama,1,1980,0.4344939,1981,-0.8335733735006713,0
AL,Alabama,1,1981,0.45432606,1981,-0.7889401448859651,1
AL,Alabama,1,1982,0.50932449,1981,-0.674669960639957,1
AL,Alabama,1,1983,0.45926368,1981,-0.7781307676332141,1
AL,Alabama,1,1984,0.46102476,1981,-0.7743035281002341,1
AL,Alabama,1,1985,0.46445265,1981,-0.7668956634915074,1
AL,Alabama,1,1986,0.47905421,1981,-0.7359415146971723,1
AL,Alabama,1,1987,0.4410226,1981,-0.8186591576828494,1
AL,Alabama,1,1988,0.43449864,1981,-0.8335624643161114,1
AL,Alabama,1,1989,0.42936006,1981,-0.8454594113707004,1
AL,Alabama,1,1990,0.45079383,1981,-0.7967451836892401,1
AL,Alabama,1,1991,0.44273576,1981,-0.814782165456411,1
AL,Alabama,1,1992,0.45561039,1981,-0.786117242576956,1
AL,Alabama,1,1993,0.44710621,1981,-0.8049591063284838,1
AL,Alabama,1,1994,0.45225239,1981,-0.7935148700330237,1
AL,Alabama,1,1995,0.4611873,1981,-0.7739510278267436,1
AL,Alabama,1,1996,0.42936859,1981,-0.8454395447923574,1
AL,Alabama,1,1997,0.4345507,1981,-0.8334426552381543,1
AL,Alabama,1,1998,0.43716812,1981,-0.8274374439111776,1
AL,Alabama,1,1999,0.40828884,1981,-0.8957804138736534,1
AL,Alabama,1,2000,0.44452345,1981,-0.8107524695142099,1
AL,Alabama,1,2001,0.44520837,1981,-0.8092128592183916,1
AL,Alabama,1,2002,0.44273359,1981,-0.8147870668118334,1
AL,Alabama,1,2003,0.44495508,1981,-0.8097819457312918,1
AL,Alabama,1,2004,0.44407114,1981,-0.8117705041593776,1
AL,Alabama,1,2005,0.45100009,1981,-0.7962877399229376,1
AL,Alabama,1,2006,0.44897634,1981,-0.8007850875058122,1
AR,Arkansas,5,1976,0.41605437,1994,-0.876939330145613,0
AR,Arkansas,5,1977,0.41903618,1994,-0.8697980143391247,0
AR,Arkansas,5,1978,0.42522153,1994,-0.855144998800956,0
AR,Arkansas,5,1979,0.44869828,1994,-0.8014045993037354,0
AR,Arkansas,5,1980,0.45213467,1994,-0.7937752010480756,0
AR,Arkansas,5,1981,0.43832844,1994,-0.824786786598793,0
AR,Arkansas,5,1982,0.50316817,1994,-0.6868308307635304,0
AR,Arkansas,5,1983,0.45463842,1994,-0.7882528572764522,0
AR,Arkansas,5,1984,0.46596819,1994,-0.7636379089890092,0
AR,Arkansas,5,1985,0.43817595,1994,-0.8251347369417195,0
AR,Arkansas,5,1986,0.45207557,1994,-0.793905922859154,0
AR,Arkansas,5,1987,0.46619287,1994,-0.7631558463627266,0
AR,Arkansas,5,1988,0.42684001,1994,-0.8513460198057908,0
AR,Arkansas,5,1989,0.43267831,1994,-0.8377607601165549,0
AR,Arkansas,5,1990,0.41335812,1994,-0.8834409431072219,0
AR,Arkansas,5,1991,0.41214508,1994,-0.8863798556955834,0
AR,Arkansas,5,1992,0.43879759,1994,-0.8237170428477396,0
AR,Arkansas,5,1993,0.4403438,1994,-0.8201994935391107,0
AR,Arkansas,5,1994,0.40039545,1994,-0.9153025952420019,1
AR,Arkansas,5,1995,0.39754277,1994,-0.9224527531916679,1
AR,Arkansas,5,1996,0.41891947,1994,-0.8700765732360177,1
AR,Arkansas,5,1997,0.45406726,1994,-0.7895099421341483,1
AR,Arkansas,5,1998,0.42529044,1994,-0.8549829552258355,1
AR,Arkansas,5,1999,0.39511874,1994,-0.9285689516594887,1
AR,Arkansas,5,2000,0.43767792,1994,-0.8262719815683287,1
AR,Arkansas,5,2001,0.41710436,1994,-0.8744188247051249,1
AR,Arkansas,5,2002,0.44969937,1994,-0.7991759861404126,1
AR,Arkansas,5,2003,0.44627231,1994,-0.8068259527402074,1
AR,Arkansas,5,2004,0.44179264,1994,-0.8169146472566595,1
AR,Arkansas,5,2005,0.44176102,1994,-0.8169862218569243,1
AR,Arkansas,5,2006,0.43273538,1994,-0.8376288694364277,1
AZ,Arizona,4,1976,0.42174131,1960,-0.8633631623919298,1
AZ,Arizona,4,1977,0.39731494,1960,-0.9230260130427655,1
AZ,Arizona,4,1978,0.43955517,1960,-0.8219920407247734,1
AZ,Arizona,4,1979,0.4607414,1960,-0.7749183478261521,1
AZ,Arizona,4,1980,0.41928264,1960,-0.8692100279997492,1
AZ,Arizona,4,1981,0.41974559,1960,-0.8681064893334004,1
AZ,Arizona,4,1982,0.46160287,1960,-0.7730503463032431,1
AZ,Arizona,4,1983,0.44795558,1960,-0.8030612032687294,1
AZ,Arizona,4,1984,0.44908923,1960,-0.8005336804719257,1
AZ,Arizona,4,1985,0.41076779,1960,-0.8897272119862212,1
AZ,Arizona,4,1986,0.45545486,1960,-0.7864586670830731,1
AZ,Arizona,4,1987,0.43422502,1960,-0.834192399982991,1
AZ,Arizona,4,1988,0.42735299,1960,-0.8501449327875896,1
AZ,Arizona,4,1989,0.43023482,1960,-0.8434241263258054,1
AZ,Arizona,4,1990,0.41726768,1960,-0.8740273446596388,1
AZ,Arizona,4,1991,0.42049274,1960,-0.8663280648787022,1
AZ,Arizona,4,1992,0.42692262,1960,-0.8511524999740366,1
AZ,Arizona,4,1993,0.42603156,1960,-0.853241850949846,1
AZ,Arizona,4,1994,0.42941463,1960,-0.8453323233213926,1
AZ,Arizona,4,1995,0.45868969,1960,-0.7793813541958157,1
AZ,Arizona,4,1996,0.46859628,1960,-0.7580136914802851,1
AZ,Arizona,4,1997,0.46881971,1960,-0.7575369980877796,1
AZ,Arizona,4,1998,0.42559555,1960,-0.8542657968364327,1
AZ,Arizona,4,1999,0.4436329,1960,-0.8127578603408416,1
AZ,Arizona,4,2000,0.4781855,1960,-0.7377565464586221,1
AZ,Arizona,4,2001,0.46111876,1960,-0.7740996552793837,1
AZ,Arizona,4,2002,0.47561279,1960,-0.7431512221805933,1
AZ,Arizona,4,2003,0.4847565,1960,-0.7241085759755777,1
AZ,Arizona,4,2004,0.46299401,1960,-0.7700411623446022,1
AZ,Arizona,4,2005,0.44371837,1960,-0.8125652196062106,1
AZ,Arizona,4,2006,0.47837377,1960,-0.7373629064441752,1
CA,California,6,1976,0.39732209,1960,-0.9230080174051845,1
CA,California,6,1977,0.40078756,1960,-0.91432376761732,1
CA,California,6,1978,0.42326671,1960,-0.8597527785355752,1
CA,California,6,1979,0.43325576,1960,-0.8364270556104005,1
CA,California,6,1980,0.42154115,1960,-0.8638378787847241,1
CA,California,6,1981,0.42809233,1960,-0.8484163823664156,1
CA,California,6,1982,0.47036463,1960,-0.75424707655126,1
CA,California,6,1983,0.42450756,1960,-0.8568254642020375,1
CA,California,6,1984,0.42569825,1960,-0.854024517032684,1
CA,California,6,1985,0.42436689,1960,-0.8571568913083374,1
CA,California,6,1986,0.43095586,1960,-0.8417496071159973,1
CA,California,6,1987,0.43139923,1960,-0.8407213299150902,1
CA,California,6,1988,0.43019509,1960,-0.8435164755097808,1
CA,California,6,1989,0.42847168,1960,-0.8475306341435791,1
CA,California,6,1990,0.42870888,1960,-0.8469771918068688,1
CA,California,6,1991,0.43327776,1960,-0.8363762785787059,1
CA,California,6,1992,0.43764848,1960,-0.8263392479046601,1
CA,California,6,1993,0.44848311,1960,-0.8018842570552752,1
CA,California,6,1994,0.43978319,1960,-0.8214734235110065,1
CA,California,6,1995,0.46088061,1960,-0.7746162500039468,1
CA,California,6,1996,0.46893969,1960,-0.7572811115551473,1
CA,California,6,1997,0.47660068,1960,-0.7410762875455379,1
CA,California,6,1998,0.46055129,1960,-0.7753310505530094,1
CA,California,6,1999,0.45349708,1960,-0.7907664482569363,1
CA,California,6,2000,0.47427663,1960,-0.7459645199248068,1
CA,California,6,2001,0.45679471,1960,-0.7835212012678121,1
CA,California,6,2002,0.46314511,1960,-0.7697148614723517,1
CA,California,6,2003,0.46910939,1960,-0.7569192967941302,1
CA,California,6,2004,0.46386433,1960,-0.7681631617522069,1
CA,California,6,2005,0.465983,1960,-0.7636061262086229,1
CA,California,6,2006,0.46721518,1960,-0.7609653565575989,1
CO,Colorado,8,1976,0.40449899,1991,-0.905106039396473,0
CO,Colorado,8,1977,0.40840724,1991,-0.8954904651308371,0
CO,Colorado,8,1978,0.44426391,1991,-0.8113365012389123,0
CO,Colorado,8,1979,0.44709659,1991,-0.8049806227003858,0
CO,Colorado,8,1980,0.43371785,1991,-0.8353610715056319,0
CO,Colorado,8,1981,0.4248918,1991,-0.8559207307061006,0
CO,Colorado,8,1982,0.45474455,1991,-0.7880194462626482,0
CO,Colorado,8,1983,0.4193033,1991,-0.8691607545764334,0
CO,Colorado,8,1984,0.41392389,1991,-0.8820731626372835,0
CO,Colorado,8,1985,0.43075481,1991,-0.8422162370665076,0
CO,Colorado,8,1986,0.43908542,1991,-0.8230613062472245,0
CO,Colorado,8,1987,0.43589488,1991,-0.8303541656200327,0
CO,Colorado,8,1988,0.41562048,1991,-0.8779827428191237,0
CO,Colorado,8,1989,0.40926239,1991,-0.893398788296071,0
CO,Colorado,8,1990,0.43702513,1991,-0.8277645798191137,0
CO,Colorado,8,1991,0.4330163,1991,-0.8369799073463762,1
CO,Colorado,8,1992,0.42655906,1991,-0.8520044456701403,1
CO,Colorado,8,1993,0.4207927,1991,-0.8656149656178589,1
CO,Colorado,8,1994,0.41850913,1991,-0.8710565732810147,1
CO,Colorado,8,1995,0.43441328,1991,-0.8337589399272978,1
CO,Colorado,8,1996,0.41418493,1991,-0.8814427140722116,1
CO,Colorado,8,1997,0.42885244,1991,-0.846642381926822,1
CO,Colorado,8,1998,0.39813325,1991,-0.9209685307354019,1
CO,Colorado,8,1999,0.4391627,1991,-0.8228853195335849,1
CO,Colorado,8,2000,0.44787994,1991,-0.8032300735546046,1
CO,Colorado,8,2001,0.43951416,1991,-0.8220853439458737,1
CO,Colorado,8,2002,0.4236643,1991,-0.858813882629031,1
CO,Colorado,8,2003,0.44068435,1991,-0.8194264194507047,1
CO,Colorado,8,2004,0.4373565,1991,-0.8270066269882334,1
CO,Colorado,8,2005,0.44435063,1991,-0.8111413209973751,1
CO,Colorado,8,2006,0.44765389,1991,-0.8037349121150886,1
CT,Connecticut,9,1976,0.40433896,1980,-0.9055017428920574,0
CT,Connecticut,9,1977,0.3958495,1980,-0.9267211904702033,0
CT,Connecticut,9,1978,0.41331425,1980,-0.8835470794718404,0
CT,Connecticut,9,1979,0.41772684,1980,-0.872927552899853,0
CT,Connecticut,9,1980,0.42213595,1980,-0.8624278604292511,1
CT,Connecticut,9,1981,0.41835052,1980,-0.8714356332629345,1
CT,Connecticut,9,1982,0.44168517,1980,-0.8171579357678448,1
CT,Connecticut,9,1983,0.40047994,1980,-0.9150916011189,1
CT,Connecticut,9,1984,0.40536347,1980,-0.9029711575590358,1
CT,Connecticut,9,1985,0.43042472,1980,-0.8429828368396478,1
CT,Connecticut,9,1986,0.42393643,1980,-0.8581717642359752,1
CT,Connecticut,9,1987,0.41540909,1980,-0.8784914852566745,1
CT,Connecticut,9,1988,0.37059554,1980,-0.9926439997418793,1
CT,Connecticut,9,1989,0.37638453,1980,-0.9771439720092664,1
CT,Connecticut,9,1990,0.38974962,1980,-0.9422507460286905,1
CT,Connecticut,9,1991,0.39622217,1980,-0.9257801896956159,1
CT,Connecticut,9,1992,0.40913117,1980,-0.893719465309034,1
CT,Connecticut,9,1993,0.41824549,1980,-0.8716867221978478,1
CT,Connecticut,9,1994,0.41625106,1980,-0.8764666911441793,1
CT,Connecticut,9,1995,0.42848024,1980,-0.847510656359994,1
CT,Connecticut,9,1996,0.45002082,1980,-0.7984614306213742,1
CT,Connecticut,9,1997,0.42296365,1980,-0.8604690374345266,1
CT,Connecticut,9,1998,0.44751543,1980,-0.8040442614147366,1
CT,Connecticut,9,1999,0.42994192,1980,-0.8441051491847134,1
CT,Connecticut,9,2000,0.42517385,1980,-0.8552571348759425,1
CT,Connecticut,9,2001,0.45329228,1980,-0.7912181518443763,1
CT,Connecticut,9,2002,0.44918245,1980,-0.8003261263378921,1
CT,Connecticut,9,2003,0.44676623,1980,-0.8057197965593944,1
CT,Connecticut,9,2004,0.43035132,1980,-0.8431533806205316,1
CT,Connecticut,9,2005,0.44760078,1980,-0.8038535599185395,1
CT,Connecticut,9,2006,0.47101045,1980,-0.7528749983753255,1
DC,District of Columbia,11,1976,0.34288004,1960,-1.0703746305979875,1
DC,District of Columbia,11,1977,0.39450493,1960,-0.9301236419428607,1
DC,District of Columbia,11,1978,0.40683725,1960,-0.8993420506616068,1
DC,District of Columbia,11,1979,0.3773151,1960,-0.9746746316094127,1
DC,District of Columbia,11,1980,0.40441513,1960,-0.9053133790836587,1
DC,District of Columbia,11,1981,0.42188019,1960,-0.8630339152087924,1
DC,District of Columbia,11,1982,0.44155574,1960,-0.8174510154915331,1
DC,District of Columbia,11,1983,0.43060279,1960,-0.8425692147416993,1
DC,District of Columbia,11,1984,0.44157091,1960,-0.8174166602832479,1
DC,District of Columbia,11,1985,0.39994326,1960,-0.9164325919358177,1
DC,District of Columbia,11,1986,0.38727596,1960,-0.9486177651340907,1
DC,District of Columbia,11,1987,0.38405579,1960,-0.9569674504891322,1
DC,District of Columbia,11,1988,0.37927121,1960,-0.9695037361472328,1
DC,District of Columbia,11,1989,0.40854278,1960,-0.8951586455631146,1
DC,District of Columbia,11,1990,0.41360819,1960,-0.8828361542431572,1
DC,District of Columbia,11,1991,0.40157399,1960,-0.9123634786382764,1
DC,District of Columbia,11,1992,0.43580619,1960,-0.8305576528092959,1
DC,District of Columbia,11,1993,0.4641507,1960,-0.7675459950041861,1
DC,District of Columbia,11,1994,0.44937733,1960,-0.7998923655411302,1
DC,District of Columbia,11,1995,0.46998963,1960,-0.7550446483512299,1
DC,District of Columbia,11,1996,0.45447361,1960,-0.7886154308567523,1
DC,District of Columbia,11,1997,0.44291574,1960,-0.8143757301881874,1
DC,District of Columbia,11,1998,0.45549914,1960,-0.7863614503190326,1
DC,District of Columbia,11,1999,0.43291396,1960,-0.8372162774218983,1
DC,District of Columbia,11,2000,0.44797182,1960,-0.8030249503312664,1
DC,District of Columbia,11,2001,0.4422074,1960,-0.8159762761895397,1
DC,District of Columbia,11,2002,0.46953958,1960,-0.7560026814376569,1
DC,District of Columbia,11,2003,0.47782102,1960,-0.7385190517554678,1
DC,District of Columbia,11,2004,0.44281378,1960,-0.8146059584873422,1
DC,District of Columbia,11,2005,0.47066218,1960,-0.7536146822203984,1
DC,District of Columbia,11,2006,0.46184242,1960,-0.7725315283332618,1
FL,Florida,12,1976,0.40955138,1988,-0.8926929134742556,0
FL,Florida,12,1977,0.4058004,1988,-0.9018938658836635,0
FL,Florida,12,1978,0.42749155,1988,-0.8498207568825451,0
FL,Florida,12,1979,0.43758872,1988,-0.8264758051718624,0
FL,Florida,12,1980,0.44359788,1988,-0.8128368025975974,0
FL,Florida,12,1981,0.43976504,1988,-0.8215146946986083,0
FL,Florida,12,1982,0.47426635,1988,-0.7459861952736674,0
FL,Florida,12,1983,0.43224946,1988,-0.8387524036965563,0
FL,Florida,12,1984,0.4451836,1988,-0.8092684976357201,0
FL,Florida,12,1985,0.44052634,1988,-0.819785039706874,0
FL,Florida,12,1986,0.43262491,1988,-0.837884185059011,0
FL,Florida,12,1987,0.42542705,1988,-0.8546617910255456,0
FL,Florida,12,1988,0.4318198,1988,-0.8397469073904211,1
FL,Florida,12,1989,0.42430061,1988,-0.8573130891128596,1
FL,Florida,12,1990,0.41920772,1988,-0.8693887301143433,1
FL,Florida,12,1991,0.42531388999999997,1988,-0.8549278179565345,1
FL,Florida,12,1992,0.42662603,1988,-0.8518474574599091,1
FL,Florida,12,1993,0.43405899,1988,-0.8345748324592578,1
FL,Florida,12,1994,0.44011703,1988,-0.8207146101627869,1
FL,Florida,12,1995,0.45129317,1988,-0.7956381063208707,1
FL,Florida,12,1996,0.43783092,1988,-0.8259224705307073,1
FL,Florida,12,1997,0.45438659,1988,-0.7888069234543287,1
FL,Florida,12,1998,0.42608207,1988,-0.8531232986857327,1
FL,Florida,12,1999,0.44850725,1988,-0.8018304326195125,1
FL,Florida,12,2000,0.43294114,1988,-0.8371534955545652,1
FL,Florida,12,2001,0.44547793,1988,-0.8086075731412847,1
FL,Florida,12,2002,0.4390555,1988,-0.823129450207562,1
FL,Florida,12,2003,0.43364277,1988,-0.8355341944223433,1
FL,Florida,12,2004,0.44386715,1988,-0.8122299730343795,1
FL,Florida,12,2005,0.45360756,1988,-0.7905228600408154,1
FL,Florida,12,2006,0.43036363,1988,-0.8431247764932283,1
GA,Georgia,13,1976,0.4066397,1983,-0.8998277435970574,0
GA,Georgia,13,1977,0.41618308,1983,-0.8766300193809361,0
GA,Georgia,13,1978,0.42734769,1983,-0.8501573347901247,0
GA,Georgia,13,1979,0.43918911,1983,-0.8228251841761866,0
GA,Georgia,13,1980,0.43960103,1983,-0.8218877134162892,0
GA,Georgia,13,1981,0.44237038,1983,-0.8156077839991882,0
GA,Georgia,13,1982,0.497105,1983,-0.6989540075937324,0
GA,Georgia,13,1983,0.43804041,1983,-0.8254441125874357,1
GA,Georgia,13,1984,0.43163064,1983,-0.8401850564590025,1
GA,Georgia,13,1985,0.44376951,1983,-0.8124499729618133,1
GA,Georgia,13,1986,0.43214732,1983,-0.8389887303531072,1
GA,Georgia,13,1987,0.39958692,1983,-0.9173239654761989,1
GA,Georgia,13,1988,0.43296671,1983,-0.8370944361523265,1
GA,Georgia,13,1989,0.42641592,1983,-0.8523400709925704,1
GA,Georgia,13,1990,0.43117809,1983,-0.8412340723666188,1
GA,Georgia,13,1991,0.42859304,1983,-0.8472474349919186,1
GA,Georgia,13,1992,0.45702723,1983,-0.7830123056179263,1
GA,Georgia,13,1993,0.43104786,1983,-0.8415361509598004,1
GA,Georgia,13,1994,0.44232696,1983,-0.8157059418619322,1
GA,Georgia,13,1995,0.44464102,1983,-0.8104880189999305,1
GA,Georgia,13,1996,0.44308543,1983,-0.8139926832852701,1
GA,Georgia,13,1997,0.4257955,1983,-0.8537960949205479,1
GA,Georgia,13,1998,0.42807707,1983,-0.8484520295175556,1
GA,Georgia,13,1999,0.42661652,1983,-0.8518697488939225,1
GA,Georgia,13,2000,0.43571159,1983,-0.8307747453403779,1
GA,Georgia,13,2001,0.43245244,1983,-0.838282923974751,1
GA,Georgia,13,2002,0.4005177,1983,-0.9149973186937284,1
GA,Georgia,13,2003,0.41638127,1983,-0.8761539240406933,1
GA,Georgia,13,2004,0.41599891,1983,-0.8770726389166141,1
GA,Georgia,13,2005,0.42253438,1983,-0.8614844627144286,1
GA,Georgia,13,2006,0.40801421,1983,-0.8964532767530986,1
HI,Hawaii,15,1976,0.3335672,1986,-1.097910934674331,0
HI,Hawaii,15,1977,0.37815496,1986,-0.9724512202779528,0
HI,Hawaii,15,1978,0.39114094,1986,-0.9386873235889424,0
HI,Hawaii,15,1979,0.40100452,1986,-0.9137825799186455,0
HI,Hawaii,15,1980,0.3842555,1986,-0.9564475830679523,0
HI,Hawaii,15,1981,0.39439264,1986,-0.9304083176853866,0
HI,Hawaii,15,1982,0.43449825,1986,-0.8335633619027529,0
HI,Hawaii,15,1983,0.40092993,1986,-0.9139686050986714,0
HI,Hawaii,15,1984,0.41540948,1986,-0.8784905464235427,0
HI,Hawaii,15,1985,0.39362291,1986,-0.9323619091971467,0
HI,Hawaii,15,1986,0.39695874,1986,-0.9239229331670211,1
HI,Hawaii,15,1987,0.40011406,1986,-0.9160056225216894,1
HI,Hawaii,15,1988,0.40044281,1986,-0.9151843191744843,1
HI,Hawaii,15,1989,0.39759061,1986,-0.9223324211787979,1
HI,Hawaii,15,1990,0.38059184,1986,-0.9660277641817688,1
HI,Hawaii,15,1991,0.40460533,1986,-0.9048431808305658,1
HI,Hawaii,15,1992,0.38699198,1986,-0.9493513096813021,1
HI,Hawaii,15,1993,0.38147652,1986,-0.9637059766785582,1
HI,Hawaii,15,1994,0.41034594,1986,-0.890754718948295,1
HI,Hawaii,15,1995,0.41295642,1986,-0.8844132121699063,1
HI,Hawaii,15,1996,0.41793188,1986,-0.8724368262450419,1
HI,Hawaii,15,1997,0.41377521,1986,-0.8824324236334575,1
HI,Hawaii,15,1998,0.39884788,1986,-0.9191751879205589,1
HI,Hawaii,15,1999,0.44009557,1986,-0.8207633711098677,1
HI,Hawaii,15,2000,0.41138452,1986,-0.8882269300842454,1
HI,Hawaii,15,2001,0.40866253,1986,-0.8948655735544241,1
HI,Hawaii,15,2002,0.42359811000000003,1986,-0.8589701270212132,1
HI,Hawaii,15,2003,0.43594539,1986,-0.8302382957714043,1
HI,Hawaii,15,2004,0.40678772,1986,-0.8994638020873555,1
HI,Hawaii,15,2005,0.4304257,1986,-0.8429805600213358,1
HI,Hawaii,15,2006,0.4282749,1986,-0.847989999860476,1
IA,Iowa,19,1976,0.41368672,1999,-0.8826463065859635,0
IA,Iowa,19,1977,0.40212125,1999,-0.9110016189249307,0
IA,Iowa,19,1978,0.42234284,1999,-0.8619378777166261,0
IA,Iowa,19,1979,0.44064668,1999,-0.8195119037891444,0
IA,Iowa,19,1980,0.43475103,1999,-0.8329817565728629,0
IA,Iowa,19,1981,0.42581293,1999,-0.8537551606146194,0
IA,Iowa,19,1982,0.46305659,1999,-0.7699060077426934,0
IA,Iowa,19,1983,0.449209,1999,-0.8002670206996813,0
IA,Iowa,19,1984,0.45442152,1999,-0.7887300535416752,0
IA,Iowa,19,1985,0.43330318,1999,-0.8363176112371249,0
IA,Iowa,19,1986,0.42101455,1999,-0.8650878853268872,0
IA,Iowa,19,1987,0.41983137,1999,-0.8679021483274288,0
IA,Iowa,19,1988,0.41401982,1999,-0.8818414319066298,0
IA,Iowa,19,1989,0.40994588,1999,-0.8917301279965504,0
IA,Iowa,19,1990,0.40782613,1999,-0.8969143473673119,0
IA,Iowa,19,1991,0.40927678,1999,-0.8933636280971974,0
IA,Iowa,19,1992,0.39822516,1999,-0.9207377050186041,0
IA,Iowa,19,1993,0.40030614,1999,-0.9155256746051148,0
IA,Iowa,19,1994,0.40173882,1999,-0.9119531030031282,0
IA,Iowa,19,1995,0.43404749,1999,-0.8346013269049638,0
IA,Iowa,19,1996,0.38216713,1999,-0.9618972529675014,0
IA,Iowa,19,1997,0.39432916,1999,-0.930569286990754,0
IA,Iowa,19,1998,0.41676623,1999,-0.875229813898382,0
IA,Iowa,19,1999,0.3759017,1999,-0.9784276059428483,1
IA,Iowa,19,2000,0.41321036,1999,-0.8837984694469002,1
IA,Iowa,19,2001,0.41560256,1999,-0.8780258600070273,1
IA,Iowa,19,2002,0.39782071,1999,-0.9217538525800542,1
IA,Iowa,19,2003,0.40839189,1999,-0.8955280508711692,1
IA,Iowa,19,2004,0.4124732,1999,-0.8855840450149933,1
IA,Iowa,19,2005,0.40673569,1999,-0.8995917148171712,1
IA,Iowa,19,2006,0.40037292,1999,-0.9153588661958756,1
ID,Idaho,16,1976,0.39716417,1960,-0.9234055573250814,1
ID,Idaho,16,1977,0.38155514,1960,-0.9634999039704395,1
ID,Idaho,16,1978,0.4407641,1960,-0.8192454672912958,1
ID,Idaho,16,1979,0.44065091,1960,-0.8195023043075436,1
ID,Idaho,16,1980,0.42870259,1960,-0.8469918638755785,1
ID,Idaho,16,1981,0.4514716,1960,-0.7952428095431211,1
ID,Idaho,16,1982,0.49823725,1960,-0.6966789097801235,1
ID,Idaho,16,1983,0.45927501,1960,-0.7781060980136892,1
ID,Idaho,16,1984,0.43451494,1960,-0.8335249505179911,1
ID,Idaho,16,1985,0.4536764,1960,-0.7903711104162942,1
ID,Idaho,16,1986,0.4658941,1960,-0.7637969239013008,1
ID,Idaho,16,1987,0.45782867,1960,-0.7812602478238728,1
ID,Idaho,16,1988,0.44318947,1960,-0.8137579028565839,1
ID,Idaho,16,1989,0.45277542,1960,-0.7923590380189149,1
ID,Idaho,16,1990,0.43711448,1960,-0.8275601502307754,1
ID,Idaho,16,1991,0.43454456,1960,-0.8334567848745306,1
ID,Idaho,16,1992,0.43243742,1960,-0.8383176567209564,1
ID,Idaho,16,1993,0.42297471,1960,-0.8604428889572296,1
ID,Idaho,16,1994,0.42235827,1960,-0.8619013440840334,1
ID,Idaho,16,1995,0.46005762,1960,-0.7764035364739188,1
ID,Idaho,16,1996,0.42329693,1960,-0.8596813840211288,1
ID,Idaho,16,1997,0.43245381,1960,-0.8382797560013434,1
ID,Idaho,16,1998,0.43118939,1960,-0.8412078654414675,1
ID,Idaho,16,1999,0.4234136,1960,-0.8594057998713998,1
ID,Idaho,16,2000,0.45223969,1960,-0.7935429520920746,1
ID,Idaho,16,2001,0.4233495,1960,-0.8595571999504122,1
ID,Idaho,16,2002,0.40416172,1960,-0.9059401840887655,1
ID,Idaho,16,2003,0.43004861,1960,-0.8438570301721764,1
ID,Idaho,16,2004,0.43895295,1960,-0.8233630470492924,1
ID,Idaho,16,2005,0.44867224,1960,-0.8014626355316412,1
ID,Idaho,16,2006,0.41976422,1960,-0.8680621062903885,1
IL,Illinois,17,1976,0.39844218,1988,-0.9201928853819208,0
IL,Illinois,17,1977,0.39742154,1988,-0.9227577480182652,0
IL,Illinois,17,1978,0.40898618,1988,-0.8940739132412725,0
IL,Illinois,17,1979,0.43601742,1988,-0.8300730823028073,0
IL,Illinois,17,1980,0.43388772,1988,-0.8349694880302732,0
IL,Illinois,17,1981,0.42925888,1988,-0.8456950921733352,0
IL,Illinois,17,1982,0.45713228,1988,-0.7827824770173085,0
IL,Illinois,17,1983,0.44351393,1988,-0.813026068481118,0
IL,Illinois,17,1984,0.44528702,1988,-0.8090362159677074,0
IL,Illinois,17,1985,0.43934834,1988,-0.822462695356288,0
IL,Illinois,17,1986,0.42458236,1988,-0.856649275559512,0
IL,Illinois,17,1987,0.43419603,1988,-0.8342591648317029,0
IL,Illinois,17,1988,0.43456444,1988,-0.8334110368728336,1
IL,Illinois,17,1989,0.43111444,1988,-0.8413817020813645,1
IL,Illinois,17,1990,0.42749551,1988,-0.8498114935844547,1
IL,Illinois,17,1991,0.43673235,1988,-0.8284347429196521,1
IL,Illinois,17,1992,0.4234567,1988,-0.8593040133285554,1
IL,Illinois,17,1993,0.42525116,1988,-0.8550753199027141,1
IL,Illinois,17,1994,0.41870904,1988,-0.8705790155524259,1
IL,Illinois,17,1995,0.42840952,1988,-0.8476757184332311,1
IL,Illinois,17,1996,0.43988892,1988,-0.8212330384872978,1
IL,Illinois,17,1997,0.43715003,1988,-0.8274788247289098,1
IL,Illinois,17,1998,0.43077824,1988,-0.8421618456534196,1
IL,Illinois,17,1999,0.42351419,1988,-0.8591682589578514,1
IL,Illinois,17,2000,0.44496655,1988,-0.8097561681805189,1
IL,Illinois,17,2001,0.44445997,1988,-0.8108952843264544,1
IL,Illinois,17,2002,0.43234038,1988,-0.8385420843147435,1
IL,Illinois,17,2003,0.44104773,1988,-0.8186021780993578,1
IL,Illinois,17,2004,0.43123794,1988,-0.8410952762449928,1
IL,Illinois,17,2005,0.43520862,1988,-0.8319297766512658,1
IL,Illinois,17,2006,0.46060681,1988,-0.7752105066418888,1
IN,Indiana,18,1976,0.40173143,1989,-0.9119714982081782,0
IN,Indiana,18,1977,0.39579639,1989,-0.9268553666233308,0
IN,Indiana,18,1978,0.40554917,1989,-0.9025131550712557,0
IN,Indiana,18,1979,0.41317374,1989,-0.8838870965151702,0
IN,Indiana,18,1980,0.41565859,1989,-0.877891052792508,0
IN,Indiana,18,1981,0.45159635,1989,-0.7949665291130749,0
IN,Indiana,18,1982,0.47179404,1989,-0.7512127445597389,0
IN,Indiana,18,1983,0.43575582,1989,-0.8306732383889291,0
IN,Indiana,18,1984,0.43054134,1989,-0.8427119318501683,0
IN,Indiana,18,1985,0.42835966,1989,-0.8477921091746821,0
IN,Indiana,18,1986,0.42680964,1989,-0.8514171731179554,0
IN,Indiana,18,1987,0.43210647,1989,-0.8390832627705592,0
IN,Indiana,18,1988,0.41208678,1989,-0.8865213207442585,0
IN,Indiana,18,1989,0.41741267,1989,-0.8736799302237812,1
IN,Indiana,18,1990,0.40134871,1989,-0.9129246285619528,1
IN,Indiana,18,1991,0.42092234,1989,-0.865306927873814,1
IN,Indiana,18,1992,0.39179623,1989,-0.937013395774244,1
IN,Indiana,18,1993,0.40974659,1989,-0.8922163835404782,1
IN,Indiana,18,1994,0.41686356,1989,-0.8749963049676557,1
IN,Indiana,18,1995,0.44045764,1989,-0.8199410016805282,1
IN,Indiana,18,1996,0.3932547,1989,-0.9332977854304917,1
IN,Indiana,18,1997,0.3947801,1989,-0.929426377961689,1
IN,Indiana,18,1998,0.42787951,1989,-0.8489136417257545,1
IN,Indiana,18,1999,0.40683812,1989,-0.8993399122166394,1
IN,Indiana,18,2000,0.40007186,1989,-0.9161110980092839,1
IN,Indiana,18,2001,0.43947202,1989,-0.8221812271371937,1
IN,Indiana,18,2002,0.43145096,1989,-0.840601424975249,1
IN,Indiana,18,2003,0.42786682,1989,-0.8489433000475166,1
IN,Indiana,18,2004,0.42622378,1989,-0.8527907654729057,1
IN,Indiana,18,2005,0.40857631,1989,-0.895076576742476,1
IN,Indiana,18,2006,0.43547368,1989,-0.831320920796063,1
KS,Kansas,20,1976,0.40995353,1987,-0.8917114671708272,0
KS,Kansas,20,1977,0.41536075,1987,-0.878607859245539,0
KS,Kansas,20,1978,0.42384925,1987,-0.8583774294232127,0
KS,Kansas,20,1979,0.41451871,1987,-0.8806371667041577,0
KS,Kansas,20,1980,0.4222407,1987,-0.8621797484035636,0
KS,Kansas,20,1981,0.43848914,1987,-0.8244202337251626,0
KS,Kansas,20,1982,0.45202518,1987,-0.7940173927369351,0
KS,Kansas,20,1983,0.43431681,1987,-0.8339810342267977,0
KS,Kansas,20,1984,0.42273828,1987,-0.8610020148284294,0
KS,Kansas,20,1985,0.42924622,1987,-0.845724585300402,0
KS,Kansas,20,1986,0.43320429,1987,-0.8365458608572449,0
KS,Kansas,20,1987,0.43392622,1987,-0.8348807593333701,1
KS,Kansas,20,1988,0.41170314,1987,-0.8874527233225622,1
KS,Kansas,20,1989,0.43501264,1987,-0.8323801908443487,1
KS,Kansas,20,1990,0.41667667,1987,-0.8754447296420873,1
KS,Kansas,20,1991,0.41198552,1987,-0.8867670758813008,1
KS,Kansas,20,1992,0.42467275,1987,-0.8564364066599859,1
KS,Kansas,20,1993,0.41355246,1987,-0.8829709043671732,1
KS,Kansas,20,1994,0.42391467,1987,-0.8582230940036779,1
KS,Kansas,20,1995,0.43183166,1987,-0.8397194426073458,1
KS,Kansas,20,1996,0.45330408,1987,-0.7911921204140259,1
KS,Kansas,20,1997,0.44098809,1987,-0.8187374107027025,1
KS,Kansas,20,1998,0.44299671,1987,-0.8141929356011478,1
KS,Kansas,20,1999,0.42459553,1987,-0.8566182573237426,1
KS,Kansas,20,2000,0.42758512,1987,-0.8496018993141975,1
KS,Kansas,20,2001,0.45106208,1987,-0.7961502992848992,1
KS,Kansas,20,2002,0.42599213,1987,-0.8533344070618201,1
KS,Kansas,20,2003,0.42922303,1987,-0.8457786116968178,1
KS,Kansas,20,2004,0.41926831,1987,-0.8692442060064677,1
KS,Kansas,20,2005,0.44675776,1987,-0.8057387551997779,1
KS,Kansas,20,2006,0.42530766,1987,-0.8549424660688474,1
KY,Kentucky,21,1976,0.41365594,1990,-0.8827207134828935,0
KY,Kentucky,21,1977,0.3957071,1990,-0.9270809878657054,0
KY,Kentucky,21,1978,0.41855708,1990,-0.8709420064773865,0
KY,Kentucky,21,1979,0.43033463,1990,-0.8431921636400571,0
KY,Kentucky,21,1980,0.4386265,1990,-0.824107025306891,0
KY,Kentucky,21,1981,0.44415262,1990,-0.811587036875799,0
KY,Kentucky,21,1982,0.47291118,1990,-0.7488476882499495,0
KY,Kentucky,21,1983,0.45210037,1990,-0.7938510662789043,0
KY,Kentucky,21,1984,0.4640345,1990,-0.7677963760716865,0
KY,Kentucky,21,1985,0.46127734,1990,-0.7737558116712802,0
KY,Kentucky,21,1986,0.44486469,1990,-0.8099851104694971,0
KY,Kentucky,21,1987,0.43750802,1990,-0.8266602419239151,0
KY,Kentucky,21,1988,0.43279302,1990,-0.8374956791215052,0
KY,Kentucky,21,1989,0.43013325,1990,-0.843660234577642,0
KY,Kentucky,21,1990,0.44387582,1990,-0.8122104403536526,1
KY,Kentucky,21,1991,0.44040573,1990,-0.8200588633190706,1
KY,Kentucky,21,1992,0.44596082,1990,-0.807524178354526,1
KY,Kentucky,21,1993,0.46596861,1990,-0.763637007640334,1
KY,Kentucky,21,1994,0.46293074,1990,-0.7701778257183773,1
KY,Kentucky,21,1995,0.47691971,1990,-0.7404071251128299,1
KY,Kentucky,21,1996,0.43165132,1990,-0.8401371462721524,1
KY,Kentucky,21,1997,0.46922761,1990,-0.7566673190918217,1
KY,Kentucky,21,1998,0.45673555,1990,-0.7836507207871386,1
KY,Kentucky,21,1999,0.43568045,1990,-0.8308462171890609,1
KY,Kentucky,21,2000,0.45712382,1990,-0.7828009838667574,1
KY,Kentucky,21,2001,0.44419497,1990,-0.8114916913139743,1
KY,Kentucky,21,2002,0.42731535,1990,-0.8502330137384397,1
KY,Kentucky,21,2003,0.42027849,1990,-0.8668377160108834,1
KY,Kentucky,21,2004,0.42427757,1990,-0.8573673917111322,1
KY,Kentucky,21,2005,0.44387117,1990,-0.8122209163114479,1
KY,Kentucky,21,2006,0.43079388,1990,-0.8421255399289452,1
LA,Louisiana,22,1976,0.42602476,1988,-0.8532578123360608,0
LA,Louisiana,22,1977,0.40510225,1988,-0.9036157746047645,0
LA,Louisiana,22,1978,0.43148586,1988,-0.8405205384046215,0
LA,Louisiana,22,1979,0.4561452,1988,-0.7849440991003436,0
LA,Louisiana,22,1980,0.43761054,1988,-0.8264259422412092,0
LA,Louisiana,22,1981,0.44783923,1988,-0.8033209725805304,0
LA,Louisiana,22,1982,0.49865448,1988,-0.695841847917123,0
LA,Louisiana,22,1983,0.46609166,1988,-0.7633729689195012,0
LA,Louisiana,22,1984,0.47019327,1988,-0.7546114560368737,0
LA,Louisiana,22,1985,0.45912859,1988,-0.7784249556515307,0
LA,Louisiana,22,1986,0.48426023,1988,-0.7251328514664415,0
LA,Louisiana,22,1987,0.47610778,1988,-0.7421110218103685,0
LA,Louisiana,22,1988,0.48177239,1988,-0.730283496379487,1
LA,Louisiana,22,1989,0.4868353,1988,-0.7198294061181834,1
LA,Louisiana,22,1990,0.48254877,1988,-0.7286732855908977,1
LA,Louisiana,22,1991,0.44536078,1988,-0.8088705837162862,1
LA,Louisiana,22,1992,0.45482489,1988,-0.7878427912505606,1
LA,Louisiana,22,1993,0.47073385,1988,-0.7534624189903559,1
LA,Louisiana,22,1994,0.45206809,1988,-0.7939224689022909,1
LA,Louisiana,22,1995,0.44703621,1988,-0.8051156809380253,1
LA,Louisiana,22,1996,0.44942003,1988,-0.7997973496856494,1
LA,Louisiana,22,1997,0.4477025,1988,-0.803626329654315,1
LA,Louisiana,22,1998,0.42615938,1988,-0.8529418712270892,1
LA,Louisiana,22,1999,0.45010528,1988,-0.7982737680255493,1
LA,Louisiana,22,2000,0.42331851,1988,-0.859630404558707,1
LA,Louisiana,22,2001,0.47127321,1988,-0.7523172894433661,1
LA,Louisiana,22,2002,0.42308569,1988,-0.8601805436196236,1
LA,Louisiana,22,2003,0.42075926,1988,-0.8656944378349222,1
LA,Louisiana,22,2004,0.44216254,1988,-0.8160777269467612,1
LA,Louisiana,22,2005,0.46863034,1988,-0.757941008952307,1
LA,Louisiana,22,2006,0.4438704,1988,-0.8122226510505342,1
MA,Massachusetts,25,1976,0.40881258,1984,-0.8944984675719921,0
MA,Massachusetts,25,1977,0.38689452,1984,-0.9496031812426105,0
MA,Massachusetts,25,1978,0.40490004,1984,-0.9041150571542018,0
MA,Massachusetts,25,1979,0.44215643,1984,-0.8160915454900863,0
MA,Massachusetts,25,1980,0.43623754,1984,-0.8295683674779751,0
MA,Massachusetts,25,1981,0.42272475,1984,-0.8610340209588482,0
MA,Massachusetts,25,1982,0.45427126,1984,-0.7890607703794816,0
MA,Massachusetts,25,1983,0.42407128,1984,-0.8578537246720739,0
MA,Massachusetts,25,1984,0.44841018,1984,-0.80204688509804,1
MA,Massachusetts,25,1985,0.42732996,1984,-0.8501988241165451,1
MA,Massachusetts,25,1986,0.41019139,1984,-0.8911314233252371,1
MA,Massachusetts,25,1987,0.40637359,1984,-0.9004823700657173,1
MA,Massachusetts,25,1988,0.40419859,1984,-0.9058489623907937,1
MA,Massachusetts,25,1989,0.40236065,1984,-0.9104064532485701,1
MA,Massachusetts,25,1990,0.40323505,1984,-0.9082356364396417,1
MA,Massachusetts,25,1991,0.41800117,1984,-0.8722710474182359,1
MA,Massachusetts,25,1992,0.39700431,1984,-0.9238081419307033,1
MA,Massachusetts,25,1993,0.41314682,1984,-0.8839522528269277,1
MA,Massachusetts,25,1994,0.41265792,1984,-0.8851363101069077,1
MA,Massachusetts,25,1995,0.4433094,1984,-0.8134873328540938,1
MA,Massachusetts,25,1996,0.42721707,1984,-0.8504630342692777,1
MA,Massachusetts,25,1997,0.42118493,1984,-0.8646832780898359,1
MA,Massachusetts,25,1998,0.4152028,1984,-0.8789882034152395,1
MA,Massachusetts,25,1999,0.43319997,1984,-0.8365558331073815,1
MA,Massachusetts,25,2000,0.45378762,1984,-0.7901259877489362,1
MA,Massachusetts,25,2001,0.42609712,1984,-0.8530879774758787,1
MA,Massachusetts,25,2002,0.41384321,1984,-0.8822680966960436,1
MA,Massachusetts,25,2003,0.46660921,1984,-0.7622631810555335,1
MA,Massachusetts,25,2004,0.45334488,1984,-0.7911021186562837,1
MA,Massachusetts,25,2005,0.46032158,1984,-0.7758299467899341,1
MA,Massachusetts,25,2006,0.50257921,1984,-0.6880020196307033,1
MD,Maryland,24,1976,0.40259707,1960,-0.9098190434979111,1
MD,Maryland,24,1977,0.41101724,1960,-0.8891201188936116,1
MD,Maryland,24,1978,0.4197199,1960,-0.8681676949465293,1
MD,Maryland,24,1979,0.42085016,1960,-0.8654784231416612,1
MD,Maryland,24,1980,0.4327144,1960,-0.8376773528966791,1
MD,Maryland,24,1981,0.45583341,1960,-0.7856278651639966,1
MD,Maryland,24,1982,0.47176638,1960,-0.7512713735556604,1
MD,Maryland,24,1983,0.4156144,1960,-0.8779973716566434,1
MD,Maryland,24,1984,0.41008234,1960,-0.8913973101789888,1
MD,Maryland,24,1985,0.41499287,1960,-0.8794939396219206,1
MD,Maryland,24,1986,0.43359688,1960,-0.83564002445454455,1
MD,Maryland,24,1987,0.38441968,1960,-0.9560204065263692,1
MD,Maryland,24,1988,0.38709795,1960,-0.949077517201759,1
MD,Maryland,24,1989,0.3797003,1960,-0.9683730216472473,1
MD,Maryland,24,1990,0.39563152,1960,-0.9272720059667297,1
MD,Maryland,24,1991,0.4023352,1960,-0.9104697069611584,1
MD,Maryland,24,1992,0.38216221,1960,-0.9619101269990021,1
MD,Maryland,24,1993,0.39748964,1960,-0.9225864081204754,1
MD,Maryland,24,1994,0.40453321,1960,-0.9050214444940196,1
MD,Maryland,24,1995,0.43277615,1960,-0.8375346592529304,1
MD,Maryland,24,1996,0.43264914,1960,-0.8378281796812782,1
MD,Maryland,24,1997,0.39503089,1960,-0.9287913146070281,1
MD,Maryland,24,1998,0.39045352,1960,-0.940446343675263,1
MD,Maryland,24,1999,0.41928706,1960,-0.86919948624037,1
MD,Maryland,24,2000,0.43890429,1960,-0.823473907899628,1
MD,Maryland,24,2001,0.41797426,1960,-0.8723354273008104,1
MD,Maryland,24,2002,0.42238104,1960,-0.8618474339611447,1
MD,Maryland,24,2003,0.43846217,1960,-0.8244817422711924,1
MD,Maryland,24,2004,0.42816117,1960,-0.8482555888627434,1
MD,Maryland,24,2005,0.42870128,1960,-0.8469949196117276,1
MD,Maryland,24,2006,0.41875142,1960,-0.8704778048038344,1
ME,Maine,23,1976,0.40340823,1975,-0.9078062520836206,1
ME,Maine,23,1977,0.39705133,1975,-0.9236897119424599,1
ME,Maine,23,1978,0.4087624,1975,-0.8946212208393756,1
ME,Maine,23,1979,0.42507583,1975,-0.8554877024438933,1
ME,Maine,23,1980,0.40123177,1975,-0.9132160385918293,1
ME,Maine,23,1981,0.42306283,1975,-0.8602345766870231,1
ME,Maine,23,1982,0.44576037,1975,-0.8079737583479681,1
ME,Maine,23,1983,0.42848441,1975,-0.8475009243366253,1
ME,Maine,23,1984,0.43822169,1975,-0.8250303550996105,1
ME,Maine,23,1985,0.40768275,1975,-0.8972659805744877,1
ME,Maine,23,1986,0.42553738,1975,-0.8544024852385381,1
ME,Maine,23,1987,0.43168372,1975,-0.8400620885054361,1
ME,Maine,23,1988,0.42748708,1975,-0.8498312132842449,1
ME,Maine,23,1989,0.43493563,1975,-0.8325572358546254,1
ME,Maine,23,1990,0.39940932,1975,-0.9177685232701753,1
ME,Maine,23,1991,0.39339173,1975,-0.9329493951088423,1
ME,Maine,23,1992,0.399322,1975,-0.9179871700119805,1
ME,Maine,23,1993,0.40143639,1975,-0.9127061890310033,1
ME,Maine,23,1994,0.43272448,1975,-0.8376540583573802,1
ME,Maine,23,1995,0.42397949,1975,-0.8580701975616827,1
ME,Maine,23,1996,0.4286463,1975,-0.8471231756454716,1
ME,Maine,23,1997,0.42933026,1975,-0.8455288193966624,1
ME,Maine,23,1998,0.39304277,1975,-0.9338368435178386,1
ME,Maine,23,1999,0.43830606,1975,-0.8248378455064789,1
ME,Maine,23,2000,0.46935487,1975,-0.7563961442009803,1
ME,Maine,23,2001,0.41457176,1975,-0.8805091951449806,1
ME,Maine,23,2002,0.4202871,1975,-0.8668172298046843,1
ME,Maine,23,2003,0.40848166,1975,-0.8953082616507656,1
ME,Maine,23,2004,0.41170812,1975,-0.8874406273014316,1
ME,Maine,23,2005,0.43600026,1975,-0.8301124393030054,1
ME,Maine,23,2006,0.42077476,1975,-0.8656576003461615,1
MI,Michigan,26,1976,0.40101075,1987,-0.9137670440548454,0
MI,Michigan,26,1977,0.39870948,1987,-0.9195222476013551,0
MI,Michigan,26,1978,0.4238233,1987,-0.8584386558956474,0
MI,Michigan,26,1979,0.43300515,1987,-0.8370056572859432,0
MI,Michigan,26,1980,0.44216275,1987,-0.8160772520084045,0
MI,Michigan,26,1981,0.44617471,1987,-0.8070446772094518,0
MI,Michigan,26,1982,0.484918,1987,-0.723775474503912,0
MI,Michigan,26,1983,0.45542622,1987,-0.7865215512523424,0
MI,Michigan,26,1984,0.465958,1987,-0.7636597776736963,0
MI,Michigan,26,1985,0.45891413,1987,-0.7788921670333739,0
MI,Michigan,26,1986,0.44954601,1987,-0.7995170721329519,0
MI,Michigan,26,1987,0.44600874,1987,-0.8074167307415241,1
MI,Michigan,26,1988,0.44408017,1987,-0.811750169786397,1
MI,Michigan,26,1989,0.44797894,1987,-0.8030090566006777,1
MI,Michigan,26,1990,0.44001332,1987,-0.8209502798007673,1
MI,Michigan,26,1991,0.42979446,1987,-0.8444481845729471,1
MI,Michigan,26,1992,0.43471408,1987,-0.833066751357811,1
MI,Michigan,26,1993,0.43247202,1987,-0.8382376483445454,1
MI,Michigan,26,1994,0.42901489,1987,-0.8462636520317419,1
MI,Michigan,26,1995,0.43408611,1987,-0.8345123544241716,1
MI,Michigan,26,1996,0.43807191,1987,-0.8253722039992455,1
MI,Michigan,26,1997,0.42905873,1987,-0.8461614696571382,1
MI,Michigan,26,1998,0.43248495,1987,-0.838207750903518,1
MI,Michigan,26,1999,0.43788561,1987,-0.8257975670986091,1
MI,Michigan,26,2000,0.44562167,1987,-0.8082849604922684,1
MI,Michigan,26,2001,0.43622538,1987,-0.8295962425881306,1
MI,Michigan,26,2002,0.44303355,1987,-0.8141097781703368,1
MI,Michigan,26,2003,0.44474715,1987,-0.8102493605511596,1
MI,Michigan,26,2004,0.43575382,1987,-0.8306778281258825,1
MI,Michigan,26,2005,0.45120227,1987,-0.7958395477825747,1
MI,Michigan,26,2006,0.44568685,1987,-0.808138703615657,1
MN,Minnesota,27,1976,0.41851768,1993,-0.8710361438278643,0
MN,Minnesota,27,1977,0.41896456,1993,-0.8699689449761893,0
MN,Minnesota,27,1978,0.41991135,1993,-0.8677116614120034,0
MN,Minnesota,27,1979,0.44361457,1993,-0.8127991791399871,0
MN,Minnesota,27,1980,0.4236578,1993,-0.8588292250826273,0
MN,Minnesota,27,1981,0.41397792,1993,-0.8819426399124288,0
MN,Minnesota,27,1982,0.45955476,1993,-0.7774971712727891,0
MN,Minnesota,27,1983,0.43413049,1993,-0.8344101218705932,0
MN,Minnesota,27,1984,0.42118734,1993,-0.8646775561540936,0
MN,Minnesota,27,1985,0.42516947,1993,-0.8552674365973697,0
MN,Minnesota,27,1986,0.43071288,1993,-0.8423135825630823,0
MN,Minnesota,27,1987,0.40368503,1993,-0.9071203338023739,0
MN,Minnesota,27,1988,0.40938914,1993,-0.8930891327311133,0
MN,Minnesota,27,1989,0.40570807,1993,-0.9021214174220927,0
MN,Minnesota,27,1990,0.40607721,1993,-0.9012119650470926,0
MN,Minnesota,27,1991,0.40773436,1993,-0.8971393950529528,0
MN,Minnesota,27,1992,0.41393143,1993,-0.8820549468939815,0
MN,Minnesota,27,1993,0.41134483,1993,-0.8883234138186127,1
MN,Minnesota,27,1994,0.40849632,1993,-0.8952723732905883,1
MN,Minnesota,27,1995,0.40800902,1993,-0.8964659969792128,1
MN,Minnesota,27,1996,0.42250937,1993,-0.861543654916033,1
MN,Minnesota,27,1997,0.39600694,1993,-0.9263235426286968,1
MN,Minnesota,27,1998,0.38556728,1993,-0.9530395746179006,1
MN,Minnesota,27,1999,0.38997713,1993,-0.9416671826035381,1
MN,Minnesota,27,2000,0.45101133,1993,-0.7962628178437902,1
MN,Minnesota,27,2001,0.41355383,1993,-0.8829675916127749,1
MN,Minnesota,27,2002,0.42312098,1993,-0.8600971360992824,1
MN,Minnesota,27,2003,0.42957658,1993,-0.8449552531022018,1
MN,Minnesota,27,2004,0.42263398,1993,-0.8612487700283912,1
MN,Minnesota,27,2005,0.41267821,1993,-0.8850871422605805,1
MN,Minnesota,27,2006,0.43343285,1993,-0.8360183967208726,1
MO,Missouri,29,1976,0.39345911,1990,-0.9327781301200048,0
MO,Missouri,29,1977,0.41050494,1990,-0.8903673160573131,0
MO,Missouri,29,1978,0.42561957,1990,-0.8542093598689916,0
MO,Missouri,29,1979,0.42478234,1990,-0.8561783824232766,0
MO,Missouri,29,1980,0.42573661,1990,-0.8539344103155924,0
MO,Missouri,29,1981,0.42819971,1990,-0.8481655800804038,0
MO,Missouri,29,1982,0.49112836,1990,-0.711049759691436,0
MO,Missouri,29,1983,0.44542387,1990,-0.8087289333182792,0
MO,Missouri,29,1984,0.42954803,1990,-0.8450217161034432,0
MO,Missouri,29,1985,0.44374689,1990,-0.8125009466677751,0
MO,Missouri,29,1986,0.44057712,1990,-0.8196697751497329,0
MO,Missouri,29,1987,0.41317341,1990,-0.8838878952109726,0
MO,Missouri,29,1988,0.43749401,1990,-0.8266922647067678,0
MO,Missouri,29,1989,0.42609397,1990,-0.8530953701840095,0
MO,Missouri,29,1990,0.40266943,1990,-0.9096393265962525,1
MO,Missouri,29,1991,0.42101845,1990,-0.8650786220319806,1
MO,Missouri,29,1992,0.44489244,1990,-0.8099227338971193,1
MO,Missouri,29,1993,0.43669239,1990,-0.8285262447931344,1
MO,Missouri,29,1994,0.41337511,1990,-0.8833998415780082,1
MO,Missouri,29,1995,0.40268347,1990,-0.909604459893714,1
MO,Missouri,29,1996,0.39247721,1990,-0.935276807139703,1
MO,Missouri,29,1997,0.41180506,1990,-0.8872051969457262,1
MO,Missouri,29,1998,0.40712973,1990,-0.8986233973998051,1
MO,Missouri,29,1999,0.41330653,1990,-0.8835657579280007,1
MO,Missouri,29,2000,0.39283225,1990,-0.9343726030207571,1
MO,Missouri,29,2001,0.42353305,1990,-0.8591237277933248,1
MO,Missouri,29,2002,0.4188816,1990,-0.8701669765581949,1
MO,Missouri,29,2003,0.40721083,1990,-0.8984242178323079,1
MO,Missouri,29,2004,0.44096789,1990,-0.8187832179775815,1
MO,Missouri,29,2005,0.43779698,1990,-0.8259999920441653,1
MO,Missouri,29,2006,0.4341248,1990,-0.834423228614809,1
MS,Mississippi,28,1976,0.41258466,1986,-0.8853138579018663,0
MS,Mississippi,28,1977,0.44425777,1986,-0.8113503219483857,0
MS,Mississippi,28,1978,0.45120394,1986,-0.7958358465669103,0
MS,Mississippi,28,1979,0.44961378,1986,-0.7993663314061488,0
MS,Mississippi,28,1980,0.45345724,1986,-0.7908543027368083,0
MS,Mississippi,28,1981,0.46259177,1986,-0.7709103200910018,0
MS,Mississippi,28,1982,0.51565748,1986,-0.6623125323619223,0
MS,Mississippi,28,1983,0.47017249,1986,-0.7546556516060604,0
MS,Mississippi,28,1984,0.43176055,1986,-0.8398841268167152,0
MS,Mississippi,28,1985,0.44987398,1986,-0.7987877798819838,0
MS,Mississippi,28,1986,0.42797309,1986,-0.8486949592087581,1
MS,Mississippi,28,1987,0.43913031,1986,-0.8229590762403921,1
MS,Mississippi,28,1988,0.46526456,1986,-0.7651490889467686,1
MS,Mississippi,28,1989,0.43717551,1986,-0.8274205398022058,1
MS,Mississippi,28,1990,0.43951142,1986,-0.8220915781216755,1
MS,Mississippi,28,1991,0.4424558,1986,-0.8154147065288417,1
MS,Mississippi,28,1992,0.44299617,1986,-0.8141941545725689,1
MS,Mississippi,28,1993,0.43553427,1986,-0.8311817946259797,1
MS,Mississippi,28,1994,0.40165988,1986,-0.912149618133795,1
MS,Mississippi,28,1995,0.41608861,1986,-0.8768570365954845,1
MS,Mississippi,28,1996,0.42658564,1986,-0.8519421350210591,1
MS,Mississippi,28,1997,0.4249987,1986,-0.8556691688859278,1
MS,Mississippi,28,1998,0.41605142,1986,-0.8769464205902067,1
MS,Mississippi,28,1999,0.4150801,1986,-0.8792837653276749,1
MS,Mississippi,28,2000,0.43660328,1986,-0.8287303222971699,1
MS,Mississippi,28,2001,0.44219163,1986,-0.8160119388247682,1
MS,Mississippi,28,2002,0.43862906,1986,-0.824101188923249,1
MS,Mississippi,28,2003,0.41071156,1986,-0.8898641113497605,1
MS,Mississippi,28,2004,0.44318748,1986,-0.8137623930455491,1
MS,Mississippi,28,2005,0.4681074,1986,-0.759057522213158,1
MS,Mississippi,28,2006,0.44085053,1986,-0.8190493952268453,1
MT,Montana,30,1976,0.41347659,1990,-0.8831543803894795,0
MT,Montana,30,1977,0.41351429,1990,-0.8830632064698198,0
MT,Montana,30,1978,0.44070774,1990,-0.8193733443204174,0
MT,Montana,30,1979,0.44260365,1990,-0.8150806046752875,0
MT,Montana,30,1980,0.42824352,1990,-0.8480632732408991,0
MT,Montana,30,1981,0.46563894,1990,-0.7643447520414202,0
MT,Montana,30,1982,0.5051719,1990,-0.6828565115887614,0
MT,Montana,30,1983,0.45926878,1990,-0.7781196629630535,0
MT,Montana,30,1984,0.4458459,1990,-0.8077819023614409,0
MT,Montana,30,1985,0.45555192,1990,-0.7862455841456064,0
MT,Montana,30,1986,0.44812775,1990,-0.802676930966468,0
MT,Montana,30,1987,0.43846932,1990,-0.8244654354100939,0
MT,Montana,30,1988,0.42494342,1990,-0.8557992483319916,0
MT,Montana,30,1989,0.44514167,1990,-0.8093626879309838,0
MT,Montana,30,1990,0.42396709,1990,-0.8580994446871346,1
MT,Montana,30,1991,0.42183682,1990,-0.8631367221915226,1
MT,Montana,30,1992,0.40329,1990,-0.908099372847866,1
MT,Montana,30,1993,0.41508949,1990,-0.8792611434438731,1
MT,Montana,30,1994,0.42006773,1990,-0.8673393188012645,1
MT,Montana,30,1995,0.45416045,1990,-0.7893047292799247,1
MT,Montana,30,1996,0.4361378,1990,-0.829797030522106,1
MT,Montana,30,1997,0.44225854,1990,-0.8158606357838571,1
MT,Montana,30,1998,0.41486123,1990,-0.8798112002129188,1
MT,Montana,30,1999,0.42569983,1990,-0.85402080549037,1
MT,Montana,30,2000,0.44172761,1990,-0.8170618538433052,1
MT,Montana,30,2001,0.40984514,1990,-0.8919758979502321,1
MT,Montana,30,2002,0.40946385,1990,-0.8929066579740575,1
MT,Montana,30,2003,0.43797684,1990,-0.8255892467160424,1
MT,Montana,30,2004,0.42098781,1990,-0.8651514005883146,1
MT,Montana,30,2005,0.41331631,1990,-0.8835420953831804,1
MT,Montana,30,2006,0.38502693,1990,-0.9544419990886557,1
NC,North Carolina,37,1976,0.40493363,1960,-0.9040321018480357,1
NC,North Carolina,37,1977,0.40490627,1960,-0.9040996707589041,1
NC,North Carolina,37,1978,0.41654682,1960,-0.8757564107279175,1
NC,North Carolina,37,1979,0.43983287,1960,-0.8213604651367522,1
NC,North Carolina,37,1980,0.41608068,1960,-0.8768760952175596,1
NC,North Carolina,37,1981,0.42399374,1960,-0.8580365880101138,1
NC,North Carolina,37,1982,0.47730172,1960,-0.7396064513731756,1
NC,North Carolina,37,1983,0.40037727,1960,-0.9153480013842168,1
NC,North Carolina,37,1984,0.41706365,1960,-0.8745164309416248,1
NC,North Carolina,37,1985,0.40669414,1960,-0.8996938748277922,1
NC,North Carolina,37,1986,0.41372395,1960,-0.8825563149980495,1
NC,North Carolina,37,1987,0.41810417,1960,-0.87202466697885,1
NC,North Carolina,37,1988,0.40221682,1960,-0.9107639825279622,1
NC,North Carolina,37,1989,0.40413186,1960,-0.906014068134742,1
NC,North Carolina,37,1990,0.40903819,1960,-0.893946753215294,1
NC,North Carolina,37,1991,0.41096848,1960,-0.8892387584243742,1
NC,North Carolina,37,1992,0.41670385,1960,-0.8753795013355519,1
NC,North Carolina,37,1993,0.41190103,1960,-0.886972176936285,1
NC,North Carolina,37,1994,0.41652089,1960,-0.875818662570588,1
NC,North Carolina,37,1995,0.43005213,1960,-0.8438488450844621,1
NC,North Carolina,37,1996,0.40608841,1960,-0.9011843844656818,1
NC,North Carolina,37,1997,0.4318763,1960,-0.8396160743344872,1
NC,North Carolina,37,1998,0.432298,1960,-0.8386401137360929,1
NC,North Carolina,37,1999,0.42131832,1960,-0.8643666264897036,1
NC,North Carolina,37,2000,0.40407982,1960,-0.9061428462787845,1
NC,North Carolina,37,2001,0.42427507,1960,-0.8573732840974903,1
NC,North Carolina,37,2002,0.43795308,1960,-0.8256434976314714,1
NC,North Carolina,37,2003,0.44922516,1960,-0.8002310470007253,1
NC,North Carolina,37,2004,0.43571061,1960,-0.8307769945371506,1
NC,North Carolina,37,2005,0.44831163,1960,-0.80226668570799,1
NC,North Carolina,37,2006,0.44296438,1960,-0.8142659184903047,1
ND,North Dakota,38,1976,0.44006121,1987,-0.8208414481088712,0
ND,North Dakota,38,1977,0.44474763,1987,-0.8102482812868158,0
ND,North Dakota,38,1978,0.42853901,1987,-0.8473735065816381,0
ND,North Dakota,38,1979,0.45678765,1987,-0.7835366569077397,0
ND,North Dakota,38,1980,0.45334101,1987,-0.7911106552399952,0
ND,North Dakota,38,1981,0.45079097,1987,-0.7967515280730407,0
ND,North Dakota,38,1982,0.48612785,1987,-0.7212836238337738,0
ND,North Dakota,38,1983,0.46162698,1987,-0.7729981166228325,0
ND,North Dakota,38,1984,0.45100117,1987,-0.7962853452477905,0
ND,North Dakota,38,1985,0.43834001,1987,-0.8247603912152232,0
ND,North Dakota,38,1986,0.44014236,1987,-0.8206570589448283,0
ND,North Dakota,38,1987,0.43876147,1987,-0.8237993620936269,1
ND,North Dakota,38,1988,0.43128616,1987,-0.8409834648763592,1
ND,North Dakota,38,1989,0.409067,1987,-0.893876322174484,1
ND,North Dakota,38,1990,0.43252674,1987,-0.8381111279317924,1
ND,North Dakota,38,1991,0.42950878,1987,-0.845113095391915,1
ND,North Dakota,38,1992,0.41714907,1987,-0.8743116390504185,1
ND,North Dakota,38,1993,0.39868876,1987,-0.9195742166149931,1
ND,North Dakota,38,1994,0.38816914,1987,-0.9463141065127462,1
ND,North Dakota,38,1995,0.38122618,1987,-0.9643624317009147,1
ND,North Dakota,38,1996,0.38152492,1987,-0.9635791092900382,1
ND,North Dakota,38,1997,0.39775214,1987,-0.9219262315147295,1
ND,North Dakota,38,1998,0.41929495,1987,-0.8691806687606098,1
ND,North Dakota,38,1999,0.38467371,1987,-0.9553598105245287,1
ND,North Dakota,38,2000,0.37236488,1987,-0.9878810452229911,1
ND,North Dakota,38,2001,0.40723717,1987,-0.8983595359864217,1
ND,North Dakota,38,2002,0.40080613,1987,-0.9142774349172628,1
ND,North Dakota,38,2003,0.37894776,1987,-0.9703569198116313,1
ND,North Dakota,38,2004,0.40509516,1987,-0.9036332765121088,1
ND,North Dakota,38,2005,0.40849635,1987,-0.8952722998505169,1
ND,North Dakota,38,2006,0.39612684,1987,-0.926020815983418,1
NE,Nebraska,31,1976,0.40195042,1985,-0.9114265313026303,0
NE,Nebraska,31,1977,0.41144907,1985,-0.8880700332319125,0
NE,Nebraska,31,1978,0.43567666,1985,-0.8308549162630835,0
NE,Nebraska,31,1979,0.4383541,1985,-0.8247282477347536,0
NE,Nebraska,31,1980,0.43983552,1985,-0.8213544401390823,0
NE,Nebraska,31,1981,0.43708816,1985,-0.8276203651027141,0
NE,Nebraska,31,1982,0.45384175,1985,-0.7900067099867717,0
NE,Nebraska,31,1983,0.44460872,1985,-0.8105606645089732,0
NE,Nebraska,31,1984,0.44098929,1985,-0.8187346895444796,0
NE,Nebraska,31,1985,0.43343577,1985,-0.8360116598291853,1
NE,Nebraska,31,1986,0.4286415,1985,-0.8471343737518718,1
NE,Nebraska,31,1987,0.43237993,1985,-0.8384506096504615,1
NE,Nebraska,31,1988,0.41450876,1985,-0.8806611707338445,1
NE,Nebraska,31,1989,0.4228723,1985,-0.8606850367671519,1
NE,Nebraska,31,1990,0.39793485,1985,-0.9214669805642739,1
NE,Nebraska,31,1991,0.4059144,1985,-0.9016129790481653,1
NE,Nebraska,31,1992,0.39539087,1985,-0.9278804590534352,1
NE,Nebraska,31,1993,0.41207662,1985,-0.8865459760492636,1
NE,Nebraska,31,1994,0.40726012,1985,-0.8983031822077465,1
NE,Nebraska,31,1995,0.42748293,1985,-0.8498409212271002,1
NE,Nebraska,31,1996,0.40550205,1985,-0.9026293499523953,1
NE,Nebraska,31,1997,0.40407491,1985,-0.9061549974172182,1
NE,Nebraska,31,1998,0.42725414,1985,-0.8503762671562622,1
NE,Nebraska,31,1999,0.42191204,1985,-0.8629584226908886,1
NE,Nebraska,31,2000,0.44154266,1985,-0.8174806384644678,1
NE,Nebraska,31,2001,0.39871886,1985,-0.9194987219764684,1
NE,Nebraska,31,2002,0.40677774,1985,-0.8994883360689249,1
NE,Nebraska,31,2003,0.41868743,1985,-0.8706306279027973,1
NE,Nebraska,31,2004,0.41382372,1985,-0.8823151929355988,1
NE,Nebraska,31,2005,0.39753008,1985,-0.9224846747948293,1
NE,Nebraska,31,2006,0.38726583,1985,-0.9486439225348439,1
NH,New Hampshire,33,1976,0.40503973,1987,-0.903770117921535,0
NH,New Hampshire,33,1977,0.37435079,1987,-0.982561979983107,0
NH,New Hampshire,33,1978,0.4232662,1987,-0.8597539834503375,0
NH,New Hampshire,33,1979,0.43023697,1987,-0.8434191290672667,0
NH,New Hampshire,33,1980,0.40256888,1987,-0.9098890663298789,0
NH,New Hampshire,33,1981,0.4359085,1987,-0.8303229200426157,0
NH,New Hampshire,33,1982,0.45918888,1987,-0.7782936502978677,0
NH,New Hampshire,33,1983,0.41139552,1987,-0.888200191467687,0
NH,New Hampshire,33,1984,0.39789259,1987,-0.9215731844922002,0
NH,New Hampshire,33,1985,0.4038851,1987,-0.9066248474126204,0
NH,New Hampshire,33,1986,0.41991833,1987,-0.8676950389939909,0
NH,New Hampshire,33,1987,0.40369299,1987,-0.9071006156534943,1
NH,New Hampshire,33,1988,0.39196113,1987,-0.9365926022714355,1
NH,New Hampshire,33,1989,0.39615533000000003,1987,-0.9259488971618388,1
NH,New Hampshire,33,1990,0.39290771,1987,-0.9341805292964374,1
NH,New Hampshire,33,1991,0.39419472,1987,-0.9309102785693545,1
NH,New Hampshire,33,1992,0.4086962,1987,-0.8947831862285579,1
NH,New Hampshire,33,1993,0.40728182,1987,-0.8982499007278386,1
NH,New Hampshire,33,1994,0.37910792,1987,-0.9699343650927403,1
NH,New Hampshire,33,1995,0.40193734,1987,-0.911459073158974,1
NH,New Hampshire,33,1996,0.40029287,1987,-0.9155588247835073,1
NH,New Hampshire,33,1997,0.42333826,1987,-0.8595837504700528,1
NH,New Hampshire,33,1998,0.42454565,1987,-0.8567357407322316,1
NH,New Hampshire,33,1999,0.41597465,1987,-0.8771309580776386,1
NH,New Hampshire,33,2000,0.43131062,1987,-0.8409267523993974,1
NH,New Hampshire,33,2001,0.43295902000000003,1987,-0.8371121974908194,1
NH,New Hampshire,33,2002,0.43814769,1987,-0.8251992336612415,1
NH,New Hampshire,33,2003,0.44218308,1987,-0.8160312745201551,1
NH,New Hampshire,33,2004,0.41610065,1987,-0.8768281008699722,1
NH,New Hampshire,33,2005,0.41791791,1987,-0.8724702533037513,1
NH,New Hampshire,33,2006,0.40804997,1987,-0.8963656365872898,1
NJ,New Jersey,34,1976,0.39302033,1977,-0.9338939381709425,0
NJ,New Jersey,34,1977,0.40028334,1977,-0.9155826326356055,1
NJ,New Jersey,34,1978,0.41265354,1977,-0.8851469242815856,1
NJ,New Jersey,34,1979,0.44026893,1977,-0.8203695342337993,1
NJ,New Jersey,34,1980,0.43417731,1977,-0.8343022799278043,1
NJ,New Jersey,34,1981,0.42925984,1977,-0.8456928557631611,1
NJ,New Jersey,34,1982,0.48280588,1977,-0.728140610876834,1
NJ,New Jersey,34,1983,0.44153538,1977,-0.8174971262484924,1
NJ,New Jersey,34,1984,0.42550582,1977,-0.8544766530363996,1
NJ,New Jersey,34,1985,0.43862471,1977,-0.8241111062360013,1
NJ,New Jersey,34,1986,0.42590407,1977,-0.853541145864772,1
NJ,New Jersey,34,1987,0.42027286,1977,-0.8668511119800888,1
NJ,New Jersey,34,1988,0.40338862,1977,-0.9078548640731292,1
NJ,New Jersey,34,1989,0.40842783,1977,-0.8954400510368282,1
NJ,New Jersey,34,1990,0.40983501,1977,-0.8920006149084274,1
NJ,New Jersey,34,1991,0.41699478,1977,-0.8746815752472977,1
NJ,New Jersey,34,1992,0.42233622,1977,-0.8619535523090569,1
NJ,New Jersey,34,1993,0.43390122,1977,-0.8349383744740182,1
NJ,New Jersey,34,1994,0.42945224,1977,-0.8452447428095864,1
NJ,New Jersey,34,1995,0.43909761,1977,-0.8230335443807698,1
NJ,New Jersey,34,1996,0.44140273,1977,-0.8177976003122928,1
NJ,New Jersey,34,1997,0.44763407,1977,-0.8037791883723125,1
NJ,New Jersey,34,1998,0.4402658,1977,-0.820376643550203,1
NJ,New Jersey,34,1999,0.45197332,1977,-0.7941321274407137,1
NJ,New Jersey,34,2000,0.46959233,1977,-0.7558903436510398,1
NJ,New Jersey,34,2001,0.47900653,1977,-0.7360410490962948,1
NJ,New Jersey,34,2002,0.44453296,1977,-0.8107310760460488,1
NJ,New Jersey,34,2003,0.45613971,1977,-0.7849561348140551,1
NJ,New Jersey,34,2004,0.44757566,1977,-0.8039096829326943,1
NJ,New Jersey,34,2005,0.46731132,1977,-0.7607596053020933,1
NJ,New Jersey,34,2006,0.45137739,1977,-0.7954515044663816,1
NM,New Mexico,35,1976,0.43159604,1991,-0.8402652208024367,0
NM,New Mexico,35,1977,0.41011769,1991,-0.8913111116939147,0
NM,New Mexico,35,1978,0.42880437,1991,-0.8467544780461318,0
NM,New Mexico,35,1979,0.46324068,1991,-0.7695085327454417,0
NM,New Mexico,35,1980,0.4507986,1991,-0.7967346024114003,0
NM,New Mexico,35,1981,0.45449185,1991,-0.7885752973185595,0
NM,New Mexico,35,1982,0.50231057,1991,-0.6885366852462689,0
NM,New Mexico,35,1983,0.47309554,1991,-0.7484579235718847,0
NM,New Mexico,35,1984,0.46859747,1991,-0.7580111519840496,0
NM,New Mexico,35,1985,0.46617126,1991,-0.7632022016424044,0
NM,New Mexico,35,1986,0.46383354,1991,-0.7682295411220578,0
NM,New Mexico,35,1987,0.46001863,1991,-0.7764882903190993,0
NM,New Mexico,35,1988,0.47204995,1991,-0.7506704727246001,0
NM,New Mexico,35,1989,0.4603416,1991,-0.7757864564007494,0
NM,New Mexico,35,1990,0.47693279,1991,-0.7403796994888454,0
NM,New Mexico,35,1991,0.45012909,1991,-0.7982208706894799,1
NM,New Mexico,35,1992,0.46443847,1991,-0.7669261945186554,1
NM,New Mexico,35,1993,0.46447101,1991,-0.7668561338707366,1
NM,New Mexico,35,1994,0.4502652,1991,-0.7979185364731295,1
NM,New Mexico,35,1995,0.49089545,1991,-0.7115241066512458,1
NM,New Mexico,35,1996,0.47409597,1991,-0.7463455094265813,1
NM,New Mexico,35,1997,0.46706891,1991,-0.7612784733124718,1
NM,New Mexico,35,1998,0.45404553,1991,-0.789557799625516,1
NM,New Mexico,35,1999,0.42967451,1991,-0.8447273104168477,1
NM,New Mexico,35,2000,0.43684351,1991,-0.8281802487064078,1
NM,New Mexico,35,2001,0.44562501,1991,-0.8082774653731842,1
NM,New Mexico,35,2002,0.43463281,1991,-0.8332537193016126,1
NM,New Mexico,35,2003,0.46230567,1991,-0.7715289833000281,1
NM,New Mexico,35,2004,0.45314535,1991,-0.7915423440368096,1
NM,New Mexico,35,2005,0.45841172,1991,-0.7799875467182154,1
NM,New Mexico,35,2006,0.44154173,1991,-0.8174827447184352,1
NV,Nevada,32,1976,0.40891075,1960,-0.8942583619106516,1
NV,Nevada,32,1977,0.42161843,1960,-0.8636545682891796,1
NV,Nevada,32,1978,0.40445614,1960,-0.9052119785232576,1
NV,Nevada,32,1979,0.4206599,1960,-0.8659306102569095,1
NV,Nevada,32,1980,0.41611224,1960,-0.8768002474201158,1
NV,Nevada,32,1981,0.39921337,1960,-0.9182592431217041,1
NV,Nevada,32,1982,0.42519411,1960,-0.855209484915086,1
NV,Nevada,32,1983,0.39557889,1960,-0.927405042639181,1
NV,Nevada,32,1984,0.39289021,1960,-0.9342250700099146,1
NV,Nevada,32,1985,0.42168757,1960,-0.863490594594803,1
NV,Nevada,32,1986,0.3902916,1960,-0.9408611269333933,1
NV,Nevada,32,1987,0.3903583,1960,-0.9406902436727606,1
NV,Nevada,32,1988,0.39534745,1960,-0.9279902804670317,1
NV,Nevada,32,1989,0.39650896,1960,-0.9250566404324204,1
NV,Nevada,32,1990,0.39342719,1960,-0.9328592600113691,1
NV,Nevada,32,1991,0.38015476,1960,-0.967176846012941,1
NV,Nevada,32,1992,0.42235133,1960,-0.8619177757665907,1
NV,Nevada,32,1993,0.39219883,1960,-0.9359863483961919,1
NV,Nevada,32,1994,0.40012723,1960,-0.9159727074492837,1
NV,Nevada,32,1995,0.4248164,1960,-0.8560982033966028,1
NV,Nevada,32,1996,0.4048135,1960,-0.904328811762602,1
NV,Nevada,32,1997,0.43616945,1960,-0.829724464347713,1
NV,Nevada,32,1998,0.42399749,1960,-0.8580277435790222,1
NV,Nevada,32,1999,0.40975711,1960,-0.8921907094648138,1
NV,Nevada,32,2000,0.41298455,1960,-0.8843450959218144,1
NV,Nevada,32,2001,0.40800089,1960,-0.8964859232078055,1
NV,Nevada,32,2002,0.41585803,1960,-0.8774113510065725,1
NV,Nevada,32,2003,0.43983126,1960,-0.8213641256247614,1
NV,Nevada,32,2004,0.410189,1960,-0.8911372498906429,1
NV,Nevada,32,2005,0.44196141,1960,-0.8165327084082851,1
NV,Nevada,32,2006,0.41636604,1960,-0.876190501763176,1
NY,New York,36,1976,0.40060538,1976,-0.9147784259853816,1
NY,New York,36,1977,0.40519822,1976,-0.9033788995096563,1
NY,New York,36,1978,0.41299114,1976,-0.8843291390357223,1
NY,New York,36,1979,0.4312984,1976,-0.8409550850500362,1
NY,New York,36,1980,0.43628514,1976,-0.8294592585662222,1
NY,New York,36,1981,0.43992251,1976,-0.8211566812160214,1
NY,New York,36,1982,0.48274559,1976,-0.728265492878367,1
NY,New York,36,1983,0.44606829,1976,-0.8072832220912937,1
NY,New York,36,1984,0.43915766,1976,-0.8228967959839317,1
NY,New York,36,1985,0.44290283,1976,-0.8144048783691764,1
NY,New York,36,1986,0.43803558,1976,-0.8254551390281901,1
NY,New York,36,1987,0.44163314,1976,-0.8172757415451534,1
NY,New York,36,1988,0.42891181,1976,-0.846503952282325,1
NY,New York,36,1989,0.43105307,1976,-0.8415240642079626,1
NY,New York,36,1990,0.43804342,1976,-0.8254372410988932,1
NY,New York,36,1991,0.43900117,1976,-0.8232532007624535,1
NY,New York,36,1992,0.43889058,1976,-0.8235051452660554,1
NY,New York,36,1993,0.44403771,1976,-0.8118457877240347,1
NY,New York,36,1994,0.4438369,1976,-0.8122981263789806,1
NY,New York,36,1995,0.45994818,1976,-0.7766414480186422,1
NY,New York,36,1996,0.4662312,1976,-0.7630736305528717,1
NY,New York,36,1997,0.46839914,1976,-0.758434483297835,1
NY,New York,36,1998,0.45117903,1976,-0.7958910559421635,1
NY,New York,36,1999,0.45254534,1976,-0.7928673219667025,1
NY,New York,36,2000,0.47276968,1976,-0.7491469435421755,1
NY,New York,36,2001,0.46954331,1976,-0.7559947375169664,1
NY,New York,36,2002,0.45423463,1976,-0.7891414082717024,1
NY,New York,36,2003,0.46028215,1976,-0.7759156079680051,1
NY,New York,36,2004,0.45127639,1976,-0.7956752890505917,1
NY,New York,36,2005,0.46108955,1976,-0.7741630032229948,1
NY,New York,36,2006,0.46682933,1976,-0.7617915484956003,1
OH,Ohio,39,1976,0.39213729,1979,-0.9361432709159052,0
OH,Ohio,39,1977,0.39591056,1979,-0.9265669518234066,0
OH,Ohio,39,1978,0.41000566,1979,-0.8915843145010213,0
OH,Ohio,39,1979,0.44953936,1979,-0.7995318649440063,1
OH,Ohio,39,1980,0.43183115,1979,-0.8397206236238122,1
OH,Ohio,39,1981,0.43301797,1979,-0.836976050686062,1
OH,Ohio,39,1982,0.47987083,1979,-0.7342383154618906,1
OH,Ohio,39,1983,0.45057398,1979,-0.797232997879897,1
OH,Ohio,39,1984,0.44822928,1979,-0.8024503917705089,1
OH,Ohio,39,1985,0.44235599,1979,-0.8156403138309853,1
OH,Ohio,39,1986,0.44604352,1979,-0.8073387532472064,1
OH,Ohio,39,1987,0.44230995,1979,-0.8157443983174787,1
OH,Ohio,39,1988,0.43666232,1979,-0.8285951057030662,1
OH,Ohio,39,1989,0.41155177,1979,-0.8878204587587367,1
OH,Ohio,39,1990,0.42205244,1979,-0.8626257072635873,1
OH,Ohio,39,1991,0.42391291,1979,-0.8582272457912384,1
OH,Ohio,39,1992,0.41612986,1979,-0.8767579039722113,1
OH,Ohio,39,1993,0.41959527,1979,-0.8684646751641417,1
OH,Ohio,39,1994,0.43238693,1979,-0.8384344203159161,1
OH,Ohio,39,1995,0.43731877,1979,-0.8270928990055578,1
OH,Ohio,39,1996,0.42669299,1979,-0.8516905173271614,1
OH,Ohio,39,1997,0.43954104,1979,-0.8220241873768473,1
OH,Ohio,39,1998,0.43607634,1979,-0.8299379592167536,1
OH,Ohio,39,1999,0.43460622,1979,-0.8333148992511791,1
OH,Ohio,39,2000,0.43337628,1979,-0.8361489214191539,1
OH,Ohio,39,2001,0.42668188,1979,-0.8517165551222529,1
OH,Ohio,39,2002,0.44293377,1979,-0.8143350234997511,1
OH,Ohio,39,2003,0.42945892,1979,-0.8452291882323233,1
OH,Ohio,39,2004,0.41638678,1979,-0.8761406910642359,1
OH,Ohio,39,2005,0.43053287,1979,-0.842731604951283,1
OH,Ohio,39,2006,0.42478359,1979,-0.8561754397440663,1
OK,Oklahoma,40,1976,0.41266128,1988,-0.8851281678026938,0
OK,Oklahoma,40,1977,0.43315035,1988,-0.8366703826121459,0
OK,Oklahoma,40,1978,0.4464556,1988,-0.8064153236996625,0
OK,Oklahoma,40,1979,0.4412812,1988,-0.8180729650190411,0
OK,Oklahoma,40,1980,0.41764927,1988,-0.8731132656567643,0
OK,Oklahoma,40,1981,0.43526304,1988,-0.831804740989402,0
OK,Oklahoma,40,1982,0.48190695,1988,-0.7300042333605776,0
OK,Oklahoma,40,1983,0.42726088,1988,-0.8503604921263508,0
OK,Oklahoma,40,1984,0.43820226,1988,-0.8250746943717245,0
OK,Oklahoma,40,1985,0.44245455,1988,-0.8154175316737844,0
OK,Oklahoma,40,1986,0.43207529,1988,-0.8391554235160338,0
OK,Oklahoma,40,1987,0.4498072,1988,-0.7989362324707612,0
OK,Oklahoma,40,1988,0.44301677,1988,-0.8141476541230299,1
OK,Oklahoma,40,1989,0.45039719,1988,-0.7976254410748751,1
OK,Oklahoma,40,1990,0.43022758,1988,-0.8434409544870365,1
OK,Oklahoma,40,1991,0.44882831,1988,-0.8011148474404292,1
OK,Oklahoma,40,1992,0.45315588,1988,-0.7915191067297158,1
OK,Oklahoma,40,1993,0.4497917,1988,-0.7989706922727942,1
OK,Oklahoma,40,1994,0.45333546,1988,-0.7911228977546819,1
OK,Oklahoma,40,1995,0.45989102,1988,-0.776765730610803,1
OK,Oklahoma,40,1996,0.44137055,1988,-0.8178705069141199,1
OK,Oklahoma,40,1997,0.43283439,1988,-0.8374000952720253,1
OK,Oklahoma,40,1998,0.4482215,1988,-0.8024677491094142,1
OK,Oklahoma,40,1999,0.4291853,1988,-0.8458665185791387,1
OK,Oklahoma,40,2000,0.44892973,1988,-0.8008889068285657,1
OK,Oklahoma,40,2001,0.41286144,1988,-0.8846432386806402,1
OK,Oklahoma,40,2002,0.43520579,1988,-0.8319362793009635,1
OK,Oklahoma,40,2003,0.41952765,1988,-0.8686258434472018,1
OK,Oklahoma,40,2004,0.43425801,1988,-0.8341164284351856,1
OK,Oklahoma,40,2005,0.44373646,1988,-0.812524451334089,1
OK,Oklahoma,40,2006,0.4363907,1988,-0.8292173359744043,1
OR,Oregon,41,1976,0.41765314,1985,-0.8731039995515701,0
OR,Oregon,41,1977,0.42535678,1985,-0.8548269798730106,0
OR,Oregon,41,1978,0.43635789,1985,-0.829292523721234,0
OR,Oregon,41,1979,0.42694274,1985,-0.8511053731061573,0
OR,Oregon,41,1980,0.42087245,1985,-0.8654254603253119,0
OR,Oregon,41,1981,0.43687299,1985,-0.8281127668630154,0
OR,Oregon,41,1982,0.45496655,1985,-0.7875313792171722,0
OR,Oregon,41,1983,0.45221725,1985,-0.7935925730281572,0
OR,Oregon,41,1984,0.44409397,1985,-0.8117190947992304,0
OR,Oregon,41,1985,0.43572235,1985,-0.8307500504105464,1
OR,Oregon,41,1986,0.43410316,1985,-0.834473077274381,1
OR,Oregon,41,1987,0.43189925,1985,-0.8395629355300711,1
OR,Oregon,41,1988,0.40683064,1985,-0.8993582980767534,1
OR,Oregon,41,1989,0.44876856,1985,-0.8012479807034457,1
OR,Oregon,41,1990,0.42662689,1985,-0.85184544164495,1
OR,Oregon,41,1991,0.41971129,1985,-0.868188208837609,1
OR,Oregon,41,1992,0.41466287,1985,-0.880289450341591,1
OR,Oregon,41,1993,0.42149934,1985,-0.8639370673777518,1
OR,Oregon,41,1994,0.42165709,1985,-0.8635628782089859,1
OR,Oregon,41,1995,0.42616403,1985,-0.8529309598759623,1
OR,Oregon,41,1996,0.4404411,1985,-0.819978554237368,1
OR,Oregon,41,1997,0.47334293,1985,-0.7479351426125809,1
OR,Oregon,41,1998,0.47972503,1985,-0.7345421933905052,1
OR,Oregon,41,1999,0.43720895,1985,-0.8273440517090475,1
OR,Oregon,41,2000,0.44410285,1985,-0.8116990992311304,1
OR,Oregon,41,2001,0.44533458,1985,-0.8089294141563764,1
OR,Oregon,41,2002,0.43946922,1985,-0.8221875984391024,1
OR,Oregon,41,2003,0.43919605,1985,-0.8228093824520314,1
OR,Oregon,41,2004,0.45122388,1985,-0.7957916546668795,1
OR,Oregon,41,2005,0.45487216,1985,-0.7877388665427854,1
OR,Oregon,41,2006,0.46108887,1985,-0.7741644779918363,1
PA,Pennsylvania,42,1976,0.38679597,1982,-0.9498579342783703,0
PA,Pennsylvania,42,1977,0.39571357,1982,-0.9270646375219617,0
PA,Pennsylvania,42,1978,0.41392875,1982,-0.8820614214172517,0
PA,Pennsylvania,42,1979,0.44370142,1982,-0.8126034202417903,0
PA,Pennsylvania,42,1980,0.42831913,1982,-0.84788673040379,0
PA,Pennsylvania,42,1981,0.43376434,1982,-0.8352538877488229,0
PA,Pennsylvania,42,1982,0.48224512,1982,-0.7293027464802614,1
PA,Pennsylvania,42,1983,0.46106985,1982,-0.7742057290250698,1
PA,Pennsylvania,42,1984,0.45986009,1982,-0.7768329879365629,1
PA,Pennsylvania,42,1985,0.44219282,1982,-0.8160092476874466,1
PA,Pennsylvania,42,1986,0.43737122,1982,-0.8269729708009083,1
PA,Pennsylvania,42,1987,0.43353277,1982,-0.8357878916163163,1
PA,Pennsylvania,42,1988,0.43653846,1982,-0.8288787976182994,1
PA,Pennsylvania,42,1989,0.43421745,1982,-0.8342098334924328,1
PA,Pennsylvania,42,1990,0.42313141,1982,-0.8600724862427531,1
PA,Pennsylvania,42,1991,0.41594872,1982,-0.8771932955499191,1
PA,Pennsylvania,42,1992,0.42772987,1982,-0.8492634275159142,1
PA,Pennsylvania,42,1993,0.43479502,1982,-0.8328805773425334,1
PA,Pennsylvania,42,1994,0.43809649,1982,-0.8253160960638156,1
PA,Pennsylvania,42,1995,0.44304818,1982,-0.8140767563857632,1
PA,Pennsylvania,42,1996,0.43675312,1982,-0.8283871863186159,1
PA,Pennsylvania,42,1997,0.44082433,1982,-0.8191088275668074,1
PA,Pennsylvania,42,1998,0.43063122,1982,-0.8425031931966136,1
PA,Pennsylvania,42,1999,0.45055583,1982,-0.7972732806444911,1
PA,Pennsylvania,42,2000,0.45621735,1982,-0.7847859382899279,1
PA,Pennsylvania,42,2001,0.44800833,1982,-0.8029434529900135,1
PA,Pennsylvania,42,2002,0.46547833,1982,-0.7646897354431197,1
PA,Pennsylvania,42,2003,0.44794145,1982,-0.8030927470723765,1
PA,Pennsylvania,42,2004,0.44391036,1982,-0.8121326288247157,1
PA,Pennsylvania,42,2005,0.44954959,1982,-0.7995091085749053,1
PA,Pennsylvania,42,2006,0.43838459,1982,-0.8246586945135714,1
RI,Rhode Island,44,1976,0.37054437,1960,-0.9927820843312825,1
RI,Rhode Island,44,1977,0.3899411,1960,-0.9417595769049911,1
RI,Rhode Island,44,1978,0.40806109,1960,-0.8963383853942948,1
RI,Rhode Island,44,1979,0.42494962,1960,-0.8557846582607515,1
RI,Rhode Island,44,1980,0.4086858,1960,-0.8948086333267338,1
RI,Rhode Island,44,1981,0.39919671,1960,-0.9183009760617552,1
RI,Rhode Island,44,1982,0.44532278,1960,-0.8089559114392388,1
RI,Rhode Island,44,1983,0.4121618,1960,-0.8863392882797144,1
RI,Rhode Island,44,1984,0.40540311,1960,-0.9028733735580435,1
RI,Rhode Island,44,1985,0.41488117,1960,-0.8797631371032023,1
RI,Rhode Island,44,1986,0.39807397,1960,-0.921117436695108,1
RI,Rhode Island,44,1987,0.38164681,1960,-0.9632596792161898,1
RI,Rhode Island,44,1988,0.42335409,1960,-0.8595463579035513,1
RI,Rhode Island,44,1989,0.42385173,1960,-0.8583715783033993,1
RI,Rhode Island,44,1990,0.40094379,1960,-0.9139340360645312,1
RI,Rhode Island,44,1991,0.40598726,1960,-0.90143349918309,1
RI,Rhode Island,44,1992,0.40864062,1960,-0.8949191889112357,1
RI,Rhode Island,44,1993,0.40219915,1960,-0.9108079150222482,1
RI,Rhode Island,44,1994,0.39161339,1960,-0.937480175856214,1
RI,Rhode Island,44,1995,0.42910919,1960,-0.8460438702948639,1
RI,Rhode Island,44,1996,0.40441298,1960,-0.9053186954171873,1
RI,Rhode Island,44,1997,0.42499167,1960,-0.8556857102498028,1
RI,Rhode Island,44,1998,0.45487773,1960,-0.7877266214190184,1
RI,Rhode Island,44,1999,0.42643148,1960,-0.8523035814634901,1
RI,Rhode Island,44,2000,0.42029068,1960,-0.8668087118540908,1
RI,Rhode Island,44,2001,0.44337162,1960,-0.8133469892610796,1
RI,Rhode Island,44,2002,0.42595345,1960,-0.8534252109838889,1
RI,Rhode Island,44,2003,0.43291676,1960,-0.8372098096449175,1
RI,Rhode Island,44,2004,0.43289918,1960,-0.8372504187378904,1
RI,Rhode Island,44,2005,0.43966973,1960,-0.8217314475576593,1
RI,Rhode Island,44,2006,0.44207385,1960,-0.8162783294130257,1
SC,South Carolina,45,1976,0.39835748,1960,-0.9204054858750461,1
SC,South Carolina,45,1977,0.40112677,1960,-0.9134777669722597,1
SC,South Carolina,45,1978,0.41127306,1960,-0.8884979055262561,1
SC,South Carolina,45,1979,0.42480934,1960,-0.8561148224787888,1
SC,South Carolina,45,1980,0.4023442,1960,-0.9104473378039503,1
SC,South Carolina,45,1981,0.40530172,1960,-0.9031235015868322,1
SC,South Carolina,45,1982,0.46941915,1960,-0.7562591996355555,1
SC,South Carolina,45,1983,0.41698128,1960,-0.8747139502773463,1
SC,South Carolina,45,1984,0.43833727,1960,-0.8247666420901175,1
SC,South Carolina,45,1985,0.42451364,1960,-0.8568111418270483,1
SC,South Carolina,45,1986,0.43546972,1960,-0.8313300143835453,1
SC,South Carolina,45,1987,0.41142428,1960,-0.888130285517413,1
SC,South Carolina,45,1988,0.41102597,1960,-0.8890988791342069,1
SC,South Carolina,45,1989,0.42692631,1960,-0.8511438567588955,1
SC,South Carolina,45,1990,0.42552686,1960,-0.8544272072266235,1
SC,South Carolina,45,1991,0.42635831,1960,-0.8524751829555284,1
SC,South Carolina,45,1992,0.43386284,1960,-0.8350268316982664,1
SC,South Carolina,45,1993,0.45323694,1960,-0.7913402438825541,1
SC,South Carolina,45,1994,0.43772033,1960,-0.8261750885255721,1
SC,South Carolina,45,1995,0.42016733,1960,-0.8671022422849226,1
SC,South Carolina,45,1996,0.39982212,1960,-0.9167355307825242,1
SC,South Carolina,45,1997,0.4072499,1960,-0.8983282770494295,1
SC,South Carolina,45,1998,0.41610572,1960,-0.8768159163922205,1
SC,South Carolina,45,1999,0.35601884,1960,-1.0327716281820771,1
SC,South Carolina,45,2000,0.41107303,1960,-0.8889843917061687,1
SC,South Carolina,45,2001,0.38548014,1960,-0.9532656048155529,1
SC,South Carolina,45,2002,0.41049221,1960,-0.8903983271272078,1
SC,South Carolina,45,2003,0.4289484,1960,-0.8464186470085854,1
SC,South Carolina,45,2004,0.41307968,1960,-0.8841147748475789,1
SC,South Carolina,45,2005,0.41883725,1960,-0.8702728593374626,1
SC,South Carolina,45,2006,0.43071955,1960,-0.8422980967286331,1
TN,Tennessee,47,1976,0.42832762,1985,-0.8478669089312861,0
TN,Tennessee,47,1977,0.42838588,1985,-0.847730900802338,0
TN,Tennessee,47,1978,0.44376928,1985,-0.8124504912490197,0
TN,Tennessee,47,1979,0.44924998,1985,-0.8001757978371118,0
TN,Tennessee,47,1980,0.42721224,1985,-0.8504743400612104,0
TN,Tennessee,47,1981,0.44779548,1985,-0.8034186686602965,0
TN,Tennessee,47,1982,0.51449054,1985,-0.6645781106603563,0
TN,Tennessee,47,1983,0.47937226,1985,-0.7352778226527013,0
TN,Tennessee,47,1984,0.44635466,1985,-0.806641441173783,0
TN,Tennessee,47,1985,0.44469255,1985,-0.8103721344729186,1
TN,Tennessee,47,1986,0.44747287,1985,-0.8041393688033629,1
TN,Tennessee,47,1987,0.44998237,1985,-0.7985468747630186,1
TN,Tennessee,47,1988,0.44468817,1985,-0.810381984023064,1
TN,Tennessee,47,1989,0.44203287,1985,-0.816371033153654,1
TN,Tennessee,47,1990,0.41913366,1985,-0.8695654123155551,1
TN,Tennessee,47,1991,0.42892298,1985,-0.8464779099717756,1
TN,Tennessee,47,1992,0.44568738,1985,-0.8081375144406008,1
TN,Tennessee,47,1993,0.43658003,1985,-0.8287835757199946,1
TN,Tennessee,47,1994,0.43455327,1985,-0.833436741101092,1
TN,Tennessee,47,1995,0.42950332,1985,-0.8451258076691928,1
TN,Tennessee,47,1996,0.44579396,1985,-0.8078984067986893,1
TN,Tennessee,47,1997,0.42692032,1985,-0.851157887381702,1
TN,Tennessee,47,1998,0.44275996,1985,-0.8147275068071156,1
TN,Tennessee,47,1999,0.45814556,1985,-0.7805683287670613,1
TN,Tennessee,47,2000,0.42549571,1985,-0.8545004132757037,1
TN,Tennessee,47,2001,0.44108161,1985,-0.8185253639668256,1
TN,Tennessee,47,2002,0.44762304,1985,-0.803803829338304,1
TN,Tennessee,47,2003,0.42675051,1985,-0.8515557222292149,1
TN,Tennessee,47,2004,0.4410767,1985,-0.8185364957556314,1
TN,Tennessee,47,2005,0.46791849,1985,-0.7594611648999321,1
TN,Tennessee,47,2006,0.41930348,1985,-0.8691603252929972,1
TX,Texas,48,1976,0.415023,1988,-0.8794213386004167,0
TX,Texas,48,1977,0.41346654,1988,-0.8831786867767892,0
TX,Texas,48,1978,0.43405351,1988,-0.8345874575510519,0
TX,Texas,48,1979,0.44987583,1988,-0.7987836676277118,0
TX,Texas,48,1980,0.43373755,1988,-0.8353156513030408,0
TX,Texas,48,1981,0.43107334,1988,-0.8414770409413774,0
TX,Texas,48,1982,0.48436001,1988,-0.724926826450171,0
TX,Texas,48,1983,0.44466585,1988,-0.8104321777580734,0
TX,Texas,48,1984,0.44539335,1988,-0.8087974546699701,0
TX,Texas,48,1985,0.44236761,1988,-0.8156140457400228,0
TX,Texas,48,1986,0.44768167,1988,-0.8036728571688763,0
TX,Texas,48,1987,0.44803047,1988,-0.8028940354871007,0
TX,Texas,48,1988,0.45132419,1988,-0.7955693728765855,1
TX,Texas,48,1989,0.44943854,1988,-0.7997561641184859,1
TX,Texas,48,1990,0.43931538,1988,-0.8225377183696782,1
TX,Texas,48,1991,0.44134635,1988,-0.8179253376305275,1
TX,Texas,48,1992,0.43237925,1988,-0.8384521823426416,1
TX,Texas,48,1993,0.43840441,1988,-0.8246134840923564,1
TX,Texas,48,1994,0.44468817,1988,-0.810381984023064,1
TX,Texas,48,1995,0.45289069,1988,-0.7921044850454744,1
TX,Texas,48,1996,0.454065,1988,-0.7895149193827266,1
TX,Texas,48,1997,0.45737904,1988,-0.7822428226672922,1
TX,Texas,48,1998,0.43717104,1988,-0.8274307645809277,1
TX,Texas,48,1999,0.45324779,1988,-0.7913163052553683,1
TX,Texas,48,2000,0.4606781,1988,-0.7750557445278707,1
TX,Texas,48,2001,0.45026422,1988,-0.7979207129705947,1
TX,Texas,48,2002,0.45295256,1988,-0.7919678830448607,1
TX,Texas,48,2003,0.45755118,1988,-0.7818665316709554,1
TX,Texas,48,2004,0.4561877,1988,-0.7848509313541607,1
TX,Texas,48,2005,0.44883808,1988,-0.8010930798882312,1
TX,Texas,48,2006,0.45949319,1988,-0.7776311577532379,1
UT,Utah,49,1976,0.41047794,1981,-0.8904330908759299,0
UT,Utah,49,1977,0.39737478,1981,-0.9228754133845416,0
UT,Utah,49,1978,0.42633584,1981,-0.8525278864952563,0
UT,Utah,49,1979,0.4530949,1981,-0.7916536831658145,0
UT,Utah,49,1980,0.46800661,1981,-0.7592728592326082,0
UT,Utah,49,1981,0.47228816,1981,-0.7501659712064892,1
UT,Utah,49,1982,0.49290761,1981,-0.707433526152821,1
UT,Utah,49,1983,0.45169467,1981,-0.794748836258366,1
UT,Utah,49,1984,0.44605953,1981,-0.8073028605327903,1
UT,Utah,49,1985,0.42896691,1981,-0.8463754958961456,1
UT,Utah,49,1986,0.44389328,1981,-0.8121711058014537,1
UT,Utah,49,1987,0.43963575,1981,-0.8218087358284362,1
UT,Utah,49,1988,0.44218123,1981,-0.8160354583163104,1
UT,Utah,49,1989,0.43221432,1981,-0.8388337026493461,1
UT,Utah,49,1990,0.4284848,1981,-0.8475000141522325,1
UT,Utah,49,1991,0.43786934,1981,-0.8258347236114028,1
UT,Utah,49,1992,0.41216445,1981,-0.8863328587865373,1
UT,Utah,49,1993,0.42145327,1981,-0.864046373641234,1
UT,Utah,49,1994,0.44105038,1981,-0.8185961696974126,1
UT,Utah,49,1995,0.4511303,1981,-0.7959990676814356,1
UT,Utah,49,1996,0.41558191,1981,-0.8780755481346322,1
UT,Utah,49,1997,0.4316031,1981,-0.8402488630474924,1
UT,Utah,49,1998,0.42700198,1981,-0.8509666287619214,1
UT,Utah,49,1999,0.44021836,1981,-0.8204844024451409,1
UT,Utah,49,2000,0.46636531,1981,-0.7627860249281747,1
UT,Utah,49,2001,0.45825973,1981,-0.7803191595362929,1
UT,Utah,49,2002,0.46231085,1981,-0.7715177786548849,1
UT,Utah,49,2003,0.47604635,1981,-0.7422400555416725,1
UT,Utah,49,2004,0.44686449,1981,-0.8054998846915571,1
UT,Utah,49,2005,0.46147048,1981,-0.7733371924155433,1
UT,Utah,49,2006,0.45117989,1981,-0.7958891498270225,1
VA,Virginia,51,1976,0.41466624,1978,-0.8802813232905581,0
VA,Virginia,51,1977,0.4307014,1978,-0.8423402364049497,0
VA,Virginia,51,1978,0.43258148,1978,-0.8379845772903639,1
VA,Virginia,51,1979,0.42947897,1978,-0.8451825026681234,1
VA,Virginia,51,1980,0.42978892,1978,-0.8444610745383163,1
VA,Virginia,51,1981,0.42637026,1978,-0.8524471552796156,1
VA,Virginia,51,1982,0.45063609,1978,-0.7970951609822282,1
VA,Virginia,51,1983,0.4109107,1978,-0.8893793630326944,1
VA,Virginia,51,1984,0.4116601,1978,-0.8875572701323985,1
VA,Virginia,51,1985,0.42784476,1978,-0.8489948594759981,1
VA,Virginia,51,1986,0.42323351,1978,-0.8598312191531501,1
VA,Virginia,51,1987,0.40976042,1978,-0.892182631541209,1
VA,Virginia,51,1988,0.41202447,1978,-0.8866725381924337,1
VA,Virginia,51,1989,0.42818949,1978,-0.848189447733103,1
VA,Virginia,51,1990,0.42796472,1978,-0.8487145167044137,1
VA,Virginia,51,1991,0.43291071,1978,-0.837223784715494,1
VA,Virginia,51,1992,0.40771133,1978,-0.8971958795013681,1
VA,Virginia,51,1993,0.42004868,1978,-0.8673846696592562,1
VA,Virginia,51,1994,0.40960258,1978,-0.8925679064485516,1
VA,Virginia,51,1995,0.46704882,1978,-0.7613214871625634,1
VA,Virginia,51,1996,0.44227108,1978,-0.815832281730545,1
VA,Virginia,51,1997,0.45097467,1978,-0.7963441051365423,1
VA,Virginia,51,1998,0.44956249,1978,-0.7994804135984106,1
VA,Virginia,51,1999,0.42624861000000003,1978,-0.852732511386795,1
VA,Virginia,51,2000,0.41805011,1978,-0.8721539732596846,1
VA,Virginia,51,2001,0.42751905,1978,-0.8497564301946432,1
VA,Virginia,51,2002,0.44394046,1978,-0.8120648246410995,1
VA,Virginia,51,2003,0.43121076,1978,-0.8411583060808752,1
VA,Virginia,51,2004,0.4395802,1978,-0.8219350984133595,1
VA,Virginia,51,2005,0.44997916,1978,-0.7985540084012753,1
VA,Virginia,51,2006,0.44971588,1978,-0.7991392733984353,1
VT,Vermont,50,1976,0.37498757,1970,-0.9808624002277558,1
VT,Vermont,50,1977,0.38688225,1970,-0.9496348958157969,1
VT,Vermont,50,1978,0.43095985,1970,-0.8417403486700642,1
VT,Vermont,50,1979,0.42074716,1970,-0.8657231957854578,1
VT,Vermont,50,1980,0.42035967,1970,-0.8666445770264425,1
VT,Vermont,50,1981,0.44776872,1970,-0.8034784298700635,1
VT,Vermont,50,1982,0.43247029,1970,-0.8382416486113379,1
VT,Vermont,50,1983,0.4214012,1970,-0.8641699299654149,1
VT,Vermont,50,1984,0.39175782,1970,-0.9371114362349647,1
VT,Vermont,50,1985,0.42420784,1970,-0.8575317551741574,1
VT,Vermont,50,1986,0.41576982,1970,-0.8776234891650788,1
VT,Vermont,50,1987,0.41072339,1970,-0.8898353080951611,1
VT,Vermont,50,1988,0.38236734,1970,-0.9613735094021483,1
VT,Vermont,50,1989,0.39801714,1970,-0.9212602092983507,1
VT,Vermont,50,1990,0.41846192,1970,-0.8711693848293953,1
VT,Vermont,50,1991,0.39261419,1970,-0.9349278541352758,1
VT,Vermont,50,1992,0.3987169,1970,-0.9195036377329427,1
VT,Vermont,50,1993,0.40514216,1970,-0.9035172611203401,1
VT,Vermont,50,1994,0.38179123,1970,-0.962881338095743,1
VT,Vermont,50,1995,0.42178422,1970,-0.8632614227325812,1
VT,Vermont,50,1996,0.43550876,1970,-0.8312403680813171,1
VT,Vermont,50,1997,0.42308336,1970,-0.8601860507933969,1
VT,Vermont,50,1998,0.41448703,1970,-0.8807135956080528,1
VT,Vermont,50,1999,0.40600821,1970,-0.9013818979099829,1
VT,Vermont,50,2000,0.43744427,1970,-0.8268059641554959,1
VT,Vermont,50,2001,0.40567416,1970,-0.9022050031817161,1
VT,Vermont,50,2002,0.42113313,1970,-0.8648062720098886,1
VT,Vermont,50,2003,0.43347055,1970,-0.8359314204787128,1
VT,Vermont,50,2004,0.40691701,1970,-0.8991460209652328,1
VT,Vermont,50,2005,0.41897759,1970,-0.8699378449772189,1
VT,Vermont,50,2006,0.41491005,1970,-0.8796935292324137,1
WA,Washington,53,1976,0.41308448,1985,-0.8841031548809127,0
WA,Washington,53,1977,0.40987065,1985,-0.8919136568654087,0
WA,Washington,53,1978,0.42665017,1985,-0.8517908755465581,0
WA,Washington,53,1979,0.43118653,1985,-0.8412144982797314,0
WA,Washington,53,1980,0.44956732,1985,-0.7994696698772118,0
WA,Washington,53,1981,0.43428689,1985,-0.8340499264040054,0
WA,Washington,53,1982,0.45792407,1985,-0.7810518946381753,0
WA,Washington,53,1983,0.43108338,1985,-0.8414537505122303,0
WA,Washington,53,1984,0.4452717,1985,-0.8090706213351636,0
WA,Washington,53,1985,0.43649599,1985,-0.8289760904571639,1
WA,Washington,53,1986,0.44507951,1985,-0.8095023386189196,1
WA,Washington,53,1987,0.43803066,1985,-0.8254663710555765,1
WA,Washington,53,1988,0.41627496,1985,-0.8764092755212861,1
WA,Washington,53,1989,0.42495677,1985,-0.8557678328783698,1
WA,Washington,53,1990,0.41866913,1985,-0.8706743368814502,1
WA,Washington,53,1991,0.41251522,1985,-0.8854821769183808,1
WA,Washington,53,1992,0.40793744,1985,-0.8966414496680661,1
WA,Washington,53,1993,0.40739527,1985,-0.8979713854679254,1
WA,Washington,53,1994,0.44102579,1985,-0.8186519245195986,1
WA,Washington,53,1995,0.43741214,1985,-0.8268794162092209,1
WA,Washington,53,1996,0.46074295,1985,-0.7749149836887146,1
WA,Washington,53,1997,0.44949585,1985,-0.7996286575936157,1
WA,Washington,53,1998,0.40589717,1985,-0.9016554273222214,1
WA,Washington,53,1999,0.42289683,1985,-0.8606270303936941,1
WA,Washington,53,2000,0.46558759,1985,-0.764455036700196,1
WA,Washington,53,2001,0.45018962,1985,-0.7980864071946776,1
WA,Washington,53,2002,0.44892025,1985,-0.8009100239421404,1
WA,Washington,53,2003,0.43549943,1985,-0.8312617915308493,1
WA,Washington,53,2004,0.4609037,1985,-0.7745661515161458,1
WA,Washington,53,2005,0.43955833,1985,-0.8219848516644301,1
WA,Washington,53,2006,0.43740422,1985,-0.826897522866486,1
WI,Wisconsin,55,1976,0.39507246,1990,-0.9286860878666572,0
WI,Wisconsin,55,1977,0.38516089,1990,-0.9540941358847145,0
WI,Wisconsin,55,1978,0.43370432,1990,-0.8353922673880271,0
WI,Wisconsin,55,1979,0.41917852,1990,-0.869458387746157,0
WI,Wisconsin,55,1980,0.40716052,1990,-0.8985477732596052,0
WI,Wisconsin,55,1981,0.42684704,1990,-0.8513295500701888,0
WI,Wisconsin,55,1982,0.45968944,1990,-0.777204147936958,0
WI,Wisconsin,55,1983,0.42859533,1990,-0.8472420919422923,0
WI,Wisconsin,55,1984,0.41932327,1990,-0.8691131290880022,0
WI,Wisconsin,55,1985,0.43710536,1990,-0.8275810145479257,0
WI,Wisconsin,55,1986,0.43707246,1990,-0.827656285274917,0
WI,Wisconsin,55,1987,0.431633,1990,-0.8401795888361567,0
WI,Wisconsin,55,1988,0.40813941,1990,-0.8961464717646405,0
WI,Wisconsin,55,1989,0.42216125,1990,-0.8623679289264401,0
WI,Wisconsin,55,1990,0.37897319,1990,-0.9702898151880963,1
WI,Wisconsin,55,1991,0.3739979,1990,-0.9835050965566312,1
WI,Wisconsin,55,1992,0.38272536,1990,-0.9604376227412718,1
WI,Wisconsin,55,1993,0.37960166,1990,-0.9686328392316899,1
WI,Wisconsin,55,1994,0.40691644,1990,-0.8991474217432421,1
WI,Wisconsin,55,1995,0.41408306,1990,-0.8816886972606086,1
WI,Wisconsin,55,1996,0.39410508,1990,-0.9311377047348472,1
WI,Wisconsin,55,1997,0.38908795,1990,-0.9439498683737713,1
WI,Wisconsin,55,1998,0.38888788,1990,-0.9444642031299307,1
WI,Wisconsin,55,1999,0.42113972,1990,-0.8647906238740141,1
WI,Wisconsin,55,2000,0.40160304,1990,-0.9122911409121522,1
WI,Wisconsin,55,2001,0.39716816,1990,-0.9233955111520897,1
WI,Wisconsin,55,2002,0.40232643,1990,-0.9104915049434987,1
WI,Wisconsin,55,2003,0.4016836,1990,-0.9120905649377528,1
WI,Wisconsin,55,2004,0.4025321,1990,-0.9099804337507099,1
WI,Wisconsin,55,2005,0.42419916,1990,-0.8575522170515353,1
WI,Wisconsin,55,2006,0.41180518,1990,-0.8872049055457553,1
WV,West Virginia,54,1976,0.38214812,1987,-0.9619469968395593,0
WV,West Virginia,54,1977,0.36745578,1987,-1.0011522940996758,0
WV,West Virginia,54,1978,0.43784678,1987,-0.8258862471576519,0
WV,West Virginia,54,1979,0.46049297,1987,-0.7754576894185031,0
WV,West Virginia,54,1980,0.44698089,1987,-0.8052394369602995,0
WV,West Virginia,54,1981,0.43703756,1987,-0.8277361379232565,0
WV,West Virginia,54,1982,0.53208339,1987,-0.6309550538038948,0
WV,West Virginia,54,1983,0.4822205,1987,-0.7293538006588549,0
WV,West Virginia,54,1984,0.46158382,1987,-0.7730916163956504,0
WV,West Virginia,54,1985,0.45020214,1987,-0.7980585970778885,0
WV,West Virginia,54,1986,0.4638963,1987,-0.7680942431131121,0
WV,West Virginia,54,1987,0.45828307,1987,-0.7802682290178161,1
WV,West Virginia,54,1988,0.45411345,1987,-0.7894082222902202,1
WV,West Virginia,54,1989,0.45261905,1987,-0.7927044565226412,1
WV,West Virginia,54,1990,0.43767071,1987,-0.8262884550047471,1
WV,West Virginia,54,1991,0.43883052,1987,-0.8236419996725263,1
WV,West Virginia,54,1992,0.44741407,1987,-0.8042707820522469,1
WV,West Virginia,54,1993,0.45817512,1987,-0.7805038098695717,1
WV,West Virginia,54,1994,0.45624876,1987,-0.7847170918973483,1
WV,West Virginia,54,1995,0.46757337,1987,-0.7601990013909029,1
WV,West Virginia,54,1996,0.48066002,1987,-0.7325950779176038,1
WV,West Virginia,54,1997,0.47678649,1987,-0.7406864983639767,1
WV,West Virginia,54,1998,0.43946776,1987,-0.8221909206340566,1
WV,West Virginia,54,1999,0.45701423,1987,-0.7830407507171254,1
WV,West Virginia,54,2000,0.41124898,1987,-0.8885564571487924,1
WV,West Virginia,54,2001,0.45504498,1987,-0.7873590077743748,1
WV,West Virginia,54,2002,0.45020136,1987,-0.7980603296344589,1
WV,West Virginia,54,2003,0.4531534,1987,-0.7915245794751786,1
WV,West Virginia,54,2004,0.43416896,1987,-0.8343215118869632,1
WV,West Virginia,54,2005,0.4352887,1987,-0.8317457898694894,1
WV,West Virginia,54,2006,0.45633054,1987,-0.7845378636369243,1
WY,Wyoming,56,1976,0.42637491,1988,-0.8524362493251437,0
WY,Wyoming,56,1977,0.3995837,1988,-0.9173320238304964,0
WY,Wyoming,56,1978,0.41768146,1988,-0.8730361943870028,0
WY,Wyoming,56,1979,0.43545586,1988,-0.8313618425909592,0
WY,Wyoming,56,1980,0.42423984,1988,-0.857456323298346,0
WY,Wyoming,56,1981,0.42646641,1988,-0.8522216724790053,0
WY,Wyoming,56,1982,0.46054968,1988,-0.775334546369543,0
WY,Wyoming,56,1983,0.46512264,1988,-0.7654541662330872,0
WY,Wyoming,56,1984,0.45443267,1988,-0.7887055171526192,0
WY,Wyoming,56,1985,0.45518935,1988,-0.7870417927530284,0
WY,Wyoming,56,1986,0.46225274,1988,-0.7716434812040769,0
WY,Wyoming,56,1987,0.45817462,1988,-0.7805049011559619,0
WY,Wyoming,56,1988,0.43833825,1988,-0.8247644063712509,1
WY,Wyoming,56,1989,0.43009192,1988,-0.8437563256976724,1
WY,Wyoming,56,1990,0.43431902,1988,-0.8339759457882976,1
WY,Wyoming,56,1991,0.42950851,1988,-0.8451137240172131,1
WY,Wyoming,56,1992,0.42710447,1988,-0.850726635256447,1
WY,Wyoming,56,1993,0.42635566,1988,-0.852481398404303,1
WY,Wyoming,56,1994,0.4266344,1988,-0.8518278385962983,1
WY,Wyoming,56,1995,0.45875856,1988,-0.7792312203868965,1
WY,Wyoming,56,1996,0.41553771,1988,-0.8781819106821597,1
WY,Wyoming,56,1997,0.46324983,1988,-0.7694887807892123,1
WY,Wyoming,56,1998,0.43200782,1988,-0.8393115890500115,1
WY,Wyoming,56,1999,0.41107199,1988,-0.8889869216734487,1
WY,Wyoming,56,2000,0.4542332,1988,-0.7891445564294087,1
WY,Wyoming,56,2001,0.39978698,1988,-0.9168234237292718,1
WY,Wyoming,56,2002,0.4093695,1988,-0.8931371077973764,1
WY,Wyoming,56,2003,0.40480387,1988,-0.9043526007779006,1
WY,Wyoming,56,2004,0.41407901,1988,-0.8816984779548633,1
WY,Wyoming,56,2005,0.44283602,1988,-0.8145557354759336,1
WY,Wyoming,56,2006,0.42276135,1988,-0.8609474435449254,1
